date,open,high,low,close,volume,macd,signal,Upper_Band,Lower_Band,BB_Width,RSI_14,RSI_5,RSI_9,EMA_50,EMA_200,average_true_range,adx,bull_market,drawdown
2026-03-13,24660.189453125,24786.650390625,24336.529296875,24380.73046875,8278740000,-153.86445212566468,-116.50482507337269,25306.268539650722,24416.35802284928,889.910516801443,39.49936865349601,25.975547555262224,35.39709873688268,25042.64937117834,24183.70501647134,389.52054647772235,28.048168935133656,1,-0.06658228001438382
2026-03-12,24771.31640625,24809.265625,24522.240234375,24533.58203125,1142054000,-107.76460464093907,-102.05827751616705,25256.87420162282,24516.35529056468,740.5189110581414,41.80100034665324,31.624019845557953,38.882996878088086,25091.547546424867,24178.188627835843,394.5309374333671,22.859783449909877,1,-0.06073034882848839
2026-03-12,24771.3203125,24809.26953125,24522.240234375,24533.580078125,8490850000,-127.59148148683016,-107.1649183102997,25271.16432583555,24486.662236664448,784.5020891711029,41.80097144598269,31.623949549065912,38.8829533855732,25069.66646923664,24181.724861172053,380.1973853588959,24.998024755827274,1,-0.06073042360399549
2026-03-11,25053.240234375,25152.119140625,24856.599609375,24965.009765625,8348570000,-80.89101348478289,-100.63169573497403,25277.08126603912,24562.915999585883,714.1652664532376,48.70847713222682,52.08281098934351,49.82600889542434,25114.321649085065,24174.616834836703,411.0702523269963,20.39251485323238,1,-0.04421311228895828
2026-03-10,25002.609375,25189.169921875,24871.439453125,24956.470703125,8800580000,-89.34111166247749,-105.5668662975218,25296.18093037408,24560.07942118842,736.1015091856607,48.55222830117121,51.58688364729442,49.576341917487106,25120.41601167527,24166.67318729109,428.8472863388843,20.39987376929139,1,-0.04454003080601342
2026-03-09,24429.669921875,25019.16015625,24289.220703125,24967.25,9797740000,-97.95757114777007,-109.62330495628288,25340.514327837034,24546.913015912967,793.601311924067,48.726220375496354,52.13176174318287,49.854708021673716,25127.107656922217,24158.73552381537,445.942181352606,20.553177923603076,1,-0.04412734478231092
2026-03-06,24663.740234375,24886.69921875,24579.859375,24643.01953125,9300220000,-108.62799714420544,-112.53973840841108,25350.026108592996,24548.253188282004,801.772920310992,43.02331472510281,35.81938168455807,40.996868606743035,25133.63245924557,24150.609750185373,402.2502933874833,18.28828348801667,1,-0.05654052761448261
2026-03-05,24992.73046875,25174.310546875,24744.560546875,25020.41015625,10994660000,-87.6547574089891,-113.5176737244625,25361.497644897074,24527.348644165428,834.1490007316461,48.90199792570269,52.468756436326395,50.165061654615705,25153.657476714776,24145.66090816462,416.9288241009961,18.116949419958253,1,-0.04209210502997638
2026-03-04,24850.939453125,25179.359375,24795.529296875,25093.6796875,10918410000,-98.03550415874997,-119.98340280333083,25354.13188569288,24521.79741118212,832.3344745107606,50.137042184302494,56.55144085463515,52.178818779171074,25159.096142856193,24136.869458435118,414.95633550114104,19.61722891275013,1,-0.03928697665650742
2026-03-03,24497.380859375,24810.25,24315.83984375,24720.080078125,9705500000,-117.31930678380013,-125.47037746447604,25397.258135174514,24503.165107012985,894.0930281615292,43.36465488666894,36.34767688204243,41.542945745110224,25161.76620225849,24127.253275228435,408.1374183666678,21.885818431105143,1,-0.05359025998172636
2026-03-02,24599.41015625,25059.169921875,24575.5390625,24992.599609375,8303030000,-102.18678032167008,-127.50814513464502,25551.772869369208,24450.50330250579,1101.2695668634187,47.75823504988105,49.88394320148619,48.54331545816807,25179.794207325158,24121.295216907867,394.86468946146493,19.428147174843406,1,-0.04315683347561866
2026-02-27,24808,24987.9609375,24747.25,24960.0390625,9552610000,-109.13324402370927,-133.83848633788875,25629.815822187138,24428.43945125036,1201.3763709367777,47.16432690860534,48.03414499901267,47.60564612474218,25187.43480315986,24112.53838884287,381.20835562852454,18.861328624449136,1,-0.044403415954535896
2026-02-26,25278.25,25288.23046875,24820.55078125,25034.369140625,9033470000,-113.09681175549122,-140.01479691643362,25780.743638812553,24369.937806499944,1410.8058323126097,48.32898191985122,51.50605649558315,49.43353572959037,25196.7162619623,24104.020794132746,402.82334303307516,20.069322709214248,1,-0.0415576844807099
2026-02-25,25137.720703125,25343.970703125,25137.619140625,25329.0390625,8427450000,-124.07886798188702,-146.74429320666923,25941.474319320074,24308.049118179926,1633.4252011401477,53.161425740975204,66.82453961206645,57.16867879909914,25203.342675078107,24094.670559494632,392.8454438842311,22.3097908660263,1,-0.030276228948544953
2026-02-24,24763.83984375,25022.919921875,24643.689453125,24977.0390625,7932270000,-166.29391074369778,-152.41064951286478,26042.867654664984,24267.725900022513,1775.141754642471,47.31836222257551,53.651330895938656,48.63424567206149,25198.212210285375,24082.264845896585,396.83218284722955,22.201986673436394,1,-0.04375256994070975
2026-02-23,24935.51953125,24984.8203125,24618.23046875,24708.939453125,8263920000,-181.91687014870695,-148.93983420515653,26107.67134436585,24276.53939782165,1831.1319465441993,42.22060993903217,38.85836899036192,40.62444121640544,25207.239685705186,24073.272140202076,399.5401388622191,24.890956814529716,1,-0.054016779474242944
2026-02-20,24637.3203125,25077.560546875,24633.599609375,25012.619140625,8063070000,-171.91399697876113,-140.69557521926887,26141.20384362921,24332.660023558292,1808.5438200709177,47.00465434996893,54.66999096527499,48.190644763540384,25227.578470708457,24066.883523991793,404.6094150333972,27.37373024907988,1,-0.04239038452781099
2026-02-19,24771.650390625,24890.119140625,24690.869140625,24797.33984375,6984780000,-187.5662047457772,-132.8909697793958,26168.26811904734,24356.168795015157,1812.099324032184,42.73320334479486,41.07137651751872,41.30174598495932,25236.352320915943,24057.378643422617,398.5553346538269,30.429871204140934,1,-0.05063236524724559
2026-02-18,24744.880859375,25057.2109375,24696.830078125,24898.869140625,7705590000,-182.89655732900428,-119.22216103780039,26169.436448814493,24407.92448868551,1761.5119601289844,44.29676174784552,46.31334089144715,43.73986941436714,25254.27119753496,24049.941847439426,429.21769383188195,31.171187706204652,1,-0.04674531006150061
2026-02-17,24567.5390625,24818.30078125,24387.470703125,24701.599609375,7654300000,-184.61358989334985,-103.30356196499936,26166.84048885791,24419.39056582959,1747.4499230283182,40.359698035807355,33.02670271166602,37.352744039055054,25268.777403939446,24041.409914844593,439.80797605623417,32.079912102119216,1,-0.05429778582993672
2026-02-13,24662.94921875,24921.470703125,24514.9609375,24732.73046875,7964830000,-164.0342617461465,-82.97605498291165,26169.79470960163,24499.20236071087,1670.5923488907574,40.78208237840706,34.09187713123187,37.95721808012261,25291.9275180033,24034.774842537754,441.1891911226105,29.404232299956412,1,-0.053105939022219016
2026-02-12,25261.330078125,25310.560546875,24643.73046875,24687.609375,8855290000,-138.55128427538511,-62.711503292102805,26167.491108304846,24582.939946382652,1584.5511619221943,39.93606850718363,31.531372111428965,36.63612673853644,25314.751887360577,24027.760213128582,446.5244873531573,27.079856070688486,1,-0.05483340278731685
2026-02-11,25335.91015625,25382.83984375,24980.2890625,25201.259765625,9927010000,-99.41630556684322,-43.75155804628208,26141.269116726835,24686.994945773164,1454.2741709536713,47.039927199923625,48.79548819578487,46.69789673836722,25340.349540926312,24021.12856326053,412.6313195410402,25.200217926247834,1,-0.03516826694975677
2026-02-10,25314.23046875,25363.119140625,25113.4296875,25127.640625,8513440000,-100.31864143519124,-29.835371166141652,26174.811371412427,24707.521636400073,1467.289735012353,45.75576151861596,45.36559325919586,44.765271462535324,25346.02667461208,24009.26794816139,414.18217158587186,25.557429981185507,1,-0.0379867801389972
2026-02-09,24953.6796875,25337.5390625,24876.279296875,25268.140625,8174050000,-92.51541665894547,-12.21455359887902,26207.80936086814,24740.52560006936,1467.2837607987822,47.810203967390514,50.53367054415468,47.69918510623072,25354.940390922777,23998.028021761,439.4887436578333,27.182359931253306,1,-0.03260772926002233
2026-02-06,24655.25,25131.33984375,24622.330078125,25075.76953125,9054400000,-95.51540985641259,7.8606621661379315,26236.856162608197,24761.2907123918,1475.5654502163961,44.65054394013142,43.48106022287496,43.16575224913348,25358.48323851146,23985.26307097468,436.139355662723,28.75095701427466,1,-0.039972668056643644
2026-02-05,24614.859375,24854.560546875,24455.400390625,24548.689453125,10109230000,-78.3683451318393,33.70468017177611,26232.42539895847,24808.854483854033,1423.5709151044357,34.57274854650784,17.78917410396153,27.956946672154046,25370.022573501723,23974.303207052315,413.5991964365026,28.084235467093777,1,-0.06015196028104524
2026-02-04,25240.380859375,25275.259765625,24681.26953125,24891.240234375,10862000000,-1.676344474130019,61.722936497680706,26131.812122041767,25019.988854520736,1111.823267521031,38.84051711112431,23.2946774500206,33.06909073531929,25403.546374333422,23968.53048096113,415.82058723456873,23.41267776103758,1,-0.04703738319224566
2026-02-03,25811.05078125,25840.0390625,25112.4609375,25338.619140625,10306320000,61.35711562812867,77.57275674063392,26072.12472379227,25154.523323082733,917.6014007095364,45.678808032951544,34.42681709337958,41.98082775130839,25424.456829025603,23959.257016102696,388.40987228785553,19.018336204587275,1,-0.029909455086203823
2026-02-02,25491.640625,25833.119140625,25478.5,25738.609375,8882530000,95.3670881083417,81.6266670187604,26068.51585771162,25164.402306350883,904.1135513607369,53.49857867761138,52.30535315263908,53.42237177851175,25427.960408143994,23945.394080177848,336.2301410969097,16.513777498005698,1,-0.014595805109006613
2026-01-30,25740.189453125,25823.2890625,25456.1796875,25552.390625,9255930000,96.66286835460414,78.1915617463649,26071.712311994892,25107.961906755107,963.7504052397853,49.78214167764676,40.86812650400983,47.50124839106782,25415.2808584764,23927.371815908275,333.4010642461551,17.040018593648366,1,-0.021725201058252888
2026-01-29,26030.080078125,26046.33984375,25418.5390625,25884.30078125,8782210000,115.87114165271487,73.5737350943048,26078.81942414001,25070.600693047494,1008.2187310925146,57.370777964245335,62.103082750445786,59.481062219421226,25409.684541475435,23911.039968580717,328.21517028343465,17.507127075182257,1,-0.009018000932151472
2026-01-28,26121.740234375,26165.080078125,25974.66015625,26022.7890625,8151580000,104.90811543916789,62.99938345470141,26039.106129652693,25068.139964097307,970.9661655553864,60.97181056884305,75.13438608819625,65.61887733488032,25390.312450056066,23891.208201619218,282.12507628252376,18.046098400142288,1,-0.0037159688254928846
2026-01-27,25852.0390625,25982.58984375,25791.75,25939.740234375,8026050000,75.28879818805581,52.52220045858371,25963.91172443004,25093.611517757457,870.3002066725821,59.55829171149729,72.35106312456105,63.61766283027612,25364.497078119577,23869.785278394284,290.86126590423623,16.09596916032343,1,-0.006895498163027505
2026-01-26,25631.009765625,25797.099609375,25578.76953125,25713.2109375,7505250000,44.844511953331676,46.83055102621496,25910.701372358883,25117.286908891117,793.414463467765,55.47372750581162,63.41494273297469,57.63941550978336,25341.017765619355,23848.98171099749,294.16624431315824,15.69593315467961,1,-0.015568185803376457
2026-01-23,25501.91015625,25709.740234375,25435.01953125,25605.470703125,8228760000,28.398944103621034,47.32706079443586,25902.865866266366,25119.416360296134,783.4495059702313,53.3948995981882,58.285083084669154,54.47702939622194,25325.82620758341,23830.245738871836,305.8333468059986,17.49233156009537,1,-0.01969302710170957
2026-01-22,25548.380859375,25576.51953125,25399.490234375,25518.349609375,9034850000,17.96520421191235,52.05908996714052,25901.208944988754,25119.309219073748,781.8997259150055,51.70175411427913,54.123828342313125,51.89578602474002,25314.412146540897,23812.40428194467,310.6199073734206,19.62726533428939,1,-0.023028463371554335
2026-01-21,25048.55078125,25498.810546875,24993.98046875,25326.580078125,9162740000,13.257110194968845,60.58256140594972,25898.92141995888,25115.931705041123,782.9897149177559,47.82763512166278,44.347825122322476,45.89295776300913,25306.088168466034,23795.259102774515,319.95536187568575,20.217957845978432,1,-0.030370371311987866
2026-01-20,25155.029296875,25279.779296875,24954.1796875,24987.5703125,9469480000,26.58055456587317,72.41392420869866,25898.180070452552,25118.63301548495,779.5470549676029,39.91637544058568,20.341247076594897,32.69524684489711,25305.251763990156,23779.86894221823,290.52691994359134,19.77479919611726,1,-0.043349380406409364
2026-01-16,25710.599609375,25735.48046875,25444.279296875,25529.259765625,9514500000,77.71663844539944,83.87226661940954,25891.42895737239,25128.564011377606,762.8649459947846,51.50417725268259,45.34506204631345,50.02653782790194,25318.218353846896,23767.73124000434,285.13112156759837,15.809841031821058,1,-0.022610767388875932
2026-01-15,25767.30078125,25781.029296875,25520.19921875,25547.0703125,9740630000,86.70098177926411,85.41117366291283,26001.06417537005,24930.763754317446,1070.300421052605,51.96475295015515,46.860191072901614,50.81376858049274,25309.60441867228,23750.027435726744,284.19726767376653,15.818437951681801,1,-0.021928889539601967
2026-01-14,25575.5703125,25624.189453125,25266.19921875,25465.939453125,12165220000,95.0937404871438,85.0887216338248,25997.953148839366,24892.46169491063,1105.4914539287347,50.07637547790077,39.49257285702086,47.466469725694395,25299.91193320992,23731.96670329686,279.444563659775,16.855868228516375,1,-0.025034989329161258
2026-01-13,25779.279296875,25873.1796875,25642.109375,25741.94921875,9416400000,112.68330371104821,82.58746692049314,26001.832602778963,24848.715248783537,1153.1173539954252,57.177136048022696,63.425815461357324,59.76608752274969,25293.135299743997,23714.53984148954,267.3606143123311,15.27704383910473,1,-0.014467938991860163
2026-01-12,25616.810546875,25850.859375,25602.560546875,25787.66015625,8707170000,105.39237139417673,75.06350772284715,25963.55436367551,24832.47161288699,1131.0827507885188,58.45175548686394,68.96298517298288,62.13633376213296,25274.816364274364,23694.16386784873,272.9437376716142,15.929801869253893,1,-0.012717893023617172
2026-01-09,25518.8203125,25811.44921875,25455.970703125,25766.259765625,8124420000,89.89934383686705,67.48129180500563,25946.17050300484,24839.758403245163,1106.4120997596765,58.04516515831254,67.91385125773846,61.50094763369997,25253.88396460189,23673.123704146205,276.7352622200209,17.06189796222611,1,-0.013537208254946793
2026-01-08,25615.349609375,25622.310546875,25400.16015625,25507.099609375,7723140000,70.99590324005476,61.87677879703185,25948.069357446573,24838.87751755343,1109.1918398931448,52.85740755430629,52.289528011398154,53.01337921380262,25232.970666600948,23652.08716081476,264.6209155321058,18.990404532081854,1,-0.023459170292468693
2026-01-07,25617.80078125,25813.169921875,25592.400390625,25653.900390625,8396920000,72.2225086752951,59.59699768627184,25967.13414517265,24835.971714202347,1131.1624309703038,56.53433805987603,67.09507190935082,59.632904106639494,25221.781730161187,23633.443819623197,271.1548424472553,19.296396087159042,1,-0.01783889362757894
2026-01-06,25462.060546875,25655.119140625,25428.080078125,25639.7109375,9012640000,57.790770784144115,56.44061993900862,25963.629655569337,24836.881086618163,1126.748568951174,56.26125264144507,66.35850499029308,59.19514219862597,25204.144233815725,23613.137723432224,278.90642879400605,21.715773049681772,1,-0.018382137686683595
2026-01-05,25471.7890625,25520.51953125,25354.66015625,25401.3203125,8737320000,39.974754404123814,56.10308222772375,25971.136657810657,24834.608068751844,1136.528589058813,51.50836106256048,51.8815895507596,51.30974653386007,25186.366001012284,23592.77015344159,282.76913659424656,22.42397451337903,1,-0.027508936981670205
2026-01-02,25524.26953125,25597.650390625,25086.359375,25206.169921875,7331460000,40.925765900356055,60.13516418363854,25985.471529673458,24838.31108751404,1147.1604421594166,47.14223871910443,32.99956170867918,43.342745428235965,25177.59235564544,23574.59376993346,277.91060231301503,19.852400720129125,1,-0.03498028132489935
2025-12-31,25464.7109375,25483.76953125,25244.859375,25249.849609375,5895130000,61.41389512189926,64.93751375448117,26003.315582322426,24860.503948927577,1142.8116333948492,48.041257615482145,35.49350351897924,44.80122484674605,25176.425924370764,23558.19601966269,242.00592327995406,16.88520018126358,1,-0.033308001884043675
2025-12-30,25509.880859375,25577.580078125,25456.9296875,25462.560546875,6769300000,82.22358939507103,65.81841841263171,26014.671009045458,24879.749498767043,1134.9215102784146,52.57507626485513,50.30454777477283,52.43960103312727,25173.42903926855,23541.194476047487,242.48219513166498,15.329951215647597,1,-0.025164350956449772
2025-12-29,25462.25,25598.140625,25440.970703125,25525.560546875,6527530000,85.93086441165724,61.71712566699249,26010.434250226146,24872.015163836357,1138.4190863897893,53.97600670602169,55.82403522742366,54.90401383641261,25161.627753243796,23521.884264280376,261.2255497142331,16.916859862726582,1,-0.02275239219932937
2025-12-26,25692.6796875,25716.7109375,25620.3203125,25644.390625,5170300000,82.99835754936794,55.66369098077207,26004.584520511944,24868.797901363057,1135.7866191488865,56.61838688192729,66.90036289939236,59.6000802799608,25146.773353503744,23501.74681420405,277.2341078858021,18.747908309430223,1,-0.01820297557166436
2025-12-24,25582.33984375,25665.279296875,25556.849609375,25656.150390625,3885190000,65.94932804061682,48.830024338546565,25982.176399586155,24850.460905101347,1131.715494484808,56.87424416845474,67.96804414018047,60.05191202285929,25126.462444463083,23480.212705552833,305.056182261064,18.948303423338185,1,-0.01775275224339607
2025-12-23,25441.419921875,25590.029296875,25403.259765625,25587.830078125,7518190000,42.03196112989099,44.550198412969095,25964.34088887633,24804.517314248667,1159.8235746276623,55.7966328477101,65.40173721110244,58.424232794204165,25104.842528293208,23458.343985099847,335.306412331115,19.97253405322861,1,-0.020368399481865557
2025-12-22,25527.6796875,25554.029296875,25401.58984375,25461.69921875,7244910000,17.849412679282977,45.17975773374963,25961.15467926634,24736.305476983664,1224.8492022826758,53.81838182484501,60.75836217731047,55.44511894507295,25085.128750749052,23436.942114818186,358.15824028284885,22.314530533266375,1,-0.02519732695508228
2025-12-19,25147.30078125,25354.8203125,25134.259765625,25346.1796875,12874560000,-0.4338470709953981,52.01234399751575,26064.555144104048,24510.692121520955,1553.863022583093,51.99113653507389,56.47874491732598,52.68500394478518,25069.75852756534,23416.59279719073,381.2826451466079,25.55854139356094,1,-0.029619999098207384
2025-12-18,25031.490234375,25164.1796875,24921.44921875,25019.369140625,7977920000,-12.001950731013494,65.12389176500201,26166.658042752355,24279.409340060145,1887.24870269221,46.42225330185712,42.21630850751407,43.95398928284149,25058.476031241476,23397.199964122294,388.3336410727929,26.405171562332896,1,-0.04213196037526238
2025-12-17,25167.859375,25193.41015625,24647.609375,24647.609375,8616140000,6.681829665161786,84.40535238966484,26178.031838335108,24230.15058353989,1947.8812547952184,38.940928276247625,17.660290008900887,31.097780357644325,25060.072230858474,23380.896756318245,368.6049222682102,23.362696319828103,1,-0.05636480517279012
2025-12-16,24991.490234375,25188.759765625,24922.939453125,25132.939453125,7759960000,68.28269784485383,103.83623307162068,26189.183692522056,24204.547752790444,1984.6359397316119,46.87564602488887,31.753450774890993,42.378474867194534,25076.90744946494,23368.16597623099,341.34402068953324,19.85214792254772,1,-0.037783914188226256
2025-12-15,25352.869140625,25377.619140625,25022.810546875,25067.26953125,8649240000,96.50082942493464,112.72461687878702,26187.330336977433,24173.099155210064,2014.231181767369,45.47983391538162,25.300675691026612,39.74976939124957,25074.620428907387,23350.429559377782,352.96305281550707,18.360064273590122,1,-0.04029809106355672
2025-12-12,25531.55078125,25605.880859375,25104.6796875,25196.73046875,8724070000,137.79994074127535,116.78056374252085,26186.03019736445,24168.496365135554,2017.5338322288953,47.777818888660995,29.73462269469171,43.20356377319307,25074.920465546464,23333.174886293637,352.6791234382399,17.804584286485873,1,-0.035341671350729055
2025-12-11,25598.390625,25696.2890625,25372.1796875,25686.689453125,8337770000,175.32730292527776,111.52571949239378,26178.968557075612,24155.231052299387,2023.7375047762253,58.09333374136524,63.34636777411036,61.04793787438808,25069.948628681013,23314.445684459904,329.82957727141115,18.157231105112015,1,-0.016583562414330635
2025-12-10,25631.58984375,25835.029296875,25504.30078125,25776.439453125,7987900000,170.7909879767867,95.57532363250922,26155.692072038717,24161.571599836283,1994.120472202434,60.308112625337124,75.92308144952352,65.44953752242046,25044.775533805747,23290.60403854367,330.7096084013544,19.358102346338285,1,-0.013147478311924981
2025-12-09,25593.669921875,25698.259765625,25532.33984375,25668.689453125,7192600000,153.37897154661914,76.77140754398839,26118.752539957666,24174.216210042334,1944.5363299153323,58.54627544727955,70.25022248241233,62.569519243947454,25014.911700364144,23265.620768045366,330.70669959767366,18.183561417757304,1,-0.01727269348779361
2025-12-08,25758.8203125,25828.16015625,25531.75,25627.94921875,8533670000,139.89428594600759,57.61951654020966,26110.087081772985,24177.186746352014,1932.9003354209708,57.89002353885284,67.96730172227525,61.49066922811721,24988.226894129006,23241.469323974212,356.0585119870448,18.58566013244606,1,-0.018832435790458988
2025-12-05,25657.779296875,25827.080078125,25617.349609375,25692.05078125,8248280000,124.79594706351054,37.050824184570274,26056.129444511353,24174.330516426147,1881.7989280852053,59.26069758921112,75.23435597539294,64.07356651409648,24962.11577883835,23217.48460141365,365.23518228088125,19.049620202446604,1,-0.016378303647332386
2025-12-04,25658.140625,25658.26953125,25450.380859375,25581.69921875,7456860000,97.18339308392751,15.114543459249592,25990.253220069517,24184.005568992983,1806.2476510765337,57.65809421105965,70.95787410340387,61.605697851865386,24932.32251343379,23192.614589555997,383.6743093001438,18.173401470459886,1,-0.020603119798662462
2025-12-03,25443.7109375,25639.990234375,25388.439453125,25606.5390625,7962730000,71.76122488681722,-5.402668953450244,25996.51190401789,24181.57989285711,1814.9320111607813,58.136112089059424,73.23515700833406,62.4642312356016,24905.817341788228,23168.60368876008,410.7182542273839,18.979982802716755,1,-0.019652124899324126
2025-12-02,25449.869140625,25622.580078125,25369.359375,25555.859375,7588580000,35.7404722443207,-24.693642421192187,25971.389173098858,24189.618639401142,1781.770533697716,57.46807702237404,71.75562841583002,61.490965389824716,24877.216455228565,23144.101825707414,435.2055585020467,20.110956584352103,1,-0.021592399757637628
2025-12-01,25232.75,25443.2109375,25158.630859375,25342.849609375,7859560000,-5.595270218047517,-39.80217109508423,26053.21539817837,24149.50042213413,1903.7149760442408,54.6433146946145,65.3072053794092,57.360369963129635,24849.516744217486,23119.863056367787,459.1248039129633,21.585837869885776,1,-0.02974749133781832
2025-11-28,25310.279296875,25435.76953125,25280.9609375,25434.890625,4541070000,-36.586770426980365,-48.35389631965962,26130.244567862486,24123.99937745001,2006.2451904124755,56.1393133198925,70.90294857390316,59.82506134427799,24829.380708904933,23097.52148297073,485.97783972949526,24.79682999198401,1,-0.026223695565580626
2025-11-26,25168.310546875,25309.150390625,25077.859375,25236.939453125,7291400000,-84.98173174818294,-51.295677795115395,26171.811220836287,24112.424716663714,2059.386504172573,53.60254806637678,65.8716698571523,56.22959416763784,24804.66601845207,23074.030335814656,530.1544204878095,27.496678633590665,1,-0.03380226798599575
2025-11-25,24790.0703125,25069.5390625,24542.7109375,25018.359375,8498500000,-125.36202915732429,-42.87416429866841,26300.65411695211,24071.87283617289,2228.7812807792216,50.67760922377336,59.718857649646345,52.01446992686324,24787.02220479195,23052.292555741187,566.9795616691656,31.718003756833433,1,-0.04217061931243472
2025-11-24,24462.869140625,24923.58984375,24455.650390625,24873.849609375,9232160000,-152.8252814969128,-22.252198058965913,26403.330333556365,24068.575721131132,2334.754612425233,48.69192437532134,55.47307312370927,49.13591064743744,24777.57987131407,23032.533090220997,573.1567061537337,34.36721834683493,1,-0.04770318430749244
2025-11-21,24137.66015625,24521.83984375,23854.029296875,24239.5703125,9931240000,-170.94328444233906,10.391072850063825,26464.925818085896,24101.750353789103,2363.1754642967935,38.62057466611164,29.310121985305273,33.5940648903224,24773.650494250356,23014.02739656116,556.100885692351,35.95684865305764,1,-0.07198660501475956
2025-11-20,25131.490234375,25222.94921875,24021.439453125,24054.380859375,10548620000,-127.00808877462259,55.724662259168596,26419.483562012483,24259.051594237517,2160.4319677749663,35.17052384743447,18.065150209743052,27.874494893339303,24795.449685342206,23001.71038233062,538.9147825583776,33.059177662161524,1,-0.07907659427176246
2025-11-19,24517.26953125,24904.66015625,24432.189453125,24640.51953125,8434200000,-50.229921823822224,101.40785012595049,26306.56913841965,24476.268947517852,1830.3001909017985,42.13032682896075,30.249081596405205,36.789239265755434,24825.69739252454,22991.130779546256,436.9770831814799,30.39982780335804,1,-0.05663624026357469
2025-11-18,24651.779296875,24735.119140625,24299.2890625,24503.099609375,8606260000,-11.173992401960277,139.31729322576777,26284.634403072163,24522.05270630284,1762.5816967693245,39.52502249279233,20.147917597277456,32.27541062914163,24833.255672576564,22974.554008172345,431.51652566913316,29.351729541257434,1,-0.06189737016784783
2025-11-17,24890.099609375,25166.150390625,24649.359375,24799.919921875,9744800000,52.828065859590424,176.94011477210537,26225.71530610566,24643.37492826934,1582.3403778363208,43.44820496855563,26.872461822740007,37.40352882051723,24846.73143025826,22959.191740823575,430.85290213053423,25.936530358986452,1,-0.05053358680236228
2025-11-14,24658.55078125,25198.9296875,24534.900390625,25008.240234375,10841540000,103.53262739031561,207.96812714394602,26200.912051793206,24702.288143519294,1498.623908273912,46.45313769621054,33.06957256620727,41.51898998442262,24848.64210406982,22940.691960109492,417.6316519730792,23.710313597357022,1,-0.042558031214736336
2025-11-13,25386.94921875,25396.009765625,24908.599609375,24993.4609375,11351410000,145.53696801012484,234.07700223351372,26218.0336066704,24666.137487079603,1551.8961195907978,46.20805217413709,32.18192741100977,41.11037494071786,24842.127894669604,22919.91258046863,379.72431561138836,21.141601258252674,1,-0.043123857476986154
2025-11-12,25662.189453125,25663.169921875,25389.73046875,25517.330078125,8449920000,198.5374710304859,256.2120109495521,26252.262161427872,24598.28686200963,1653.9752994182418,54.40399191976569,51.579826506909264,52.71565464816575,24835.951035778566,22899.072898488415,363.15725998977865,20.250813129562847,1,-0.0230674961862622
2025-11-11,25500.9296875,25588.259765625,25380.859375,25533.490234375,7756810000,209.96853212496353,270.6306460597533,26263.43777903405,24509.914174090947,1753.5236049431041,54.681810981447846,52.358658679657424,53.12688841871388,24808.139646295036,22872.758755979503,376.96000259872415,23.016364941466254,1,-0.022448803640490428
2025-11-10,25418.169921875,25655.509765625,25354.439453125,25611.740234375,9297320000,219.85950707497614,285.7961747149398,26280.062908294432,24397.872052643066,1882.1908556513663,55.966849786193215,55.611456368589884,54.97267861440397,24778.53349984279,22846.01773609613,403.0461034896323,25.45674042339241,1,-0.01945299772390834
2025-11-07,24977.73046875,25065.140625,24603.779296875,25059.810546875,10141910000,221.3204614539245,302.2803418579308,26261.644287331725,24330.141650168272,1931.5026371634522,47.956432566053536,31.65142346515991,42.432924986402796,24744.52506169862,22818.22153008328,373.40715384278036,28.27255962992908,1,-0.04058365872518378
2025-11-06,25568.240234375,25568.240234375,25083.240234375,25130.0390625,11085130000,276.1486448813157,322.5203123165417,26324.1603872401,24183.8185190099,2140.3418682302,49.00985818681024,33.49165668323667,43.812968509103015,24731.656266385296,22795.6929972512,359.87573775930434,25.034021678420224,1,-0.037894955816274487
2025-11-05,25433.220703125,25750.880859375,25364.900390625,25620.029296875,10026890000,334.9640296973448,334.11322943138464,26323.395212092564,24181.397756657436,2141.9974554351284,57.141929118167255,49.5821246314034,54.88300679290794,24715.3957440949,22772.232232776336,340.625843618966,24.284160180871215,1,-0.019135650471762414
2025-11-04,25580.33984375,25762.23046875,25415.619140625,25435.69921875,10227700000,355.2859126163821,333.9005293590226,26286.69256681503,24169.75938630997,2116.9331805050606,54.50495472154609,41.06015911317688,50.71930594144979,24678.47192561408,22743.611156755243,333.6482057873107,26.031914744555728,1,-0.026192738505639905
2025-11-03,26114.109375,26132.869140625,25887.880859375,25972.939453125,10360170000,394.81845821805473,328.5541833601871,26265.36620282838,24131.538875296617,2133.8273275317624,65.39427173399868,67.76834819028659,66.65600886157165,24647.564689159553,22716.55499532816,331.6538782197781,28.575064503928104,1,-0.00562446409328753
2025-10-31,26055.970703125,26063.490234375,25761.279296875,25858.130859375,10909250000,384.8507003227933,311.98811393112766,26157.75360022817,24139.713587271828,2018.0400129563423,63.965700413321336,63.73560981979487,64.53948297998515,24593.467760018106,22683.82751334025,340.4101292472675,27.96610665054439,1,-0.010019917951827075
2025-10-30,25953.779296875,26031.6796875,25732.390625,25734.810546875,10564160000,378.2153982209238,293.77246635102546,26060.68700494761,24129.51904973989,1931.1679552077185,62.41828817339387,59.36696256620127,62.25172090800485,24541.848858003537,22651.924967148945,342.2148138628688,27.915865642505594,1,-0.014741243470322312
2025-10-29,26147.720703125,26182.099609375,25907.44921875,26119.849609375,10089540000,376.79600929193475,272.66173196069025,25975.825140979086,24130.175835583414,1845.6493053956729,71.29458879922515,84.91951322173647,75.82922955237656,24493.15654417205,22620.94119247833,348.8187809727954,28.140494565712455,1,0
2025-10-28,25932.640625,26087.48046875,25864.490234375,26012.150390625,10640830000,330.31562604477585,246.62816043455513,25774.000534036648,24200.10141908835,1573.8991149482972,70.19367935815913,83.3122583744407,74.44334188976183,24426.760908857643,22585.776283765797,360.2293132543023,25.69196502343252,1,0
2025-10-27,25701.94921875,25839.029296875,25656.380859375,25821.55078125,10757830000,277.1452296344469,225.7062918286701,25560.938556030702,24279.9473814693,1280.9911745614008,68.18877831524621,80.34671744552915,71.9096640122437,24362.051134091627,22551.340363093845,374.73696366761015,23.4670042208242,1,0
2025-10-24,25307.75,25418.640625,25288.7109375,25358.16015625,10308620000,224.64555377364377,212.84655568436557,25362.225067744053,24357.640752568448,1004.5843151756053,62.493241577851705,69.96573021577206,64.25030577716016,24302.479719921896,22518.47392673047,358.4089160784572,22.636728517404638,1,0
2025-10-23,24869.599609375,25126.779296875,24856.33984375,25097.41015625,10363600000,201.52535759604143,209.89680567666326,25287.017268017058,24347.417497607945,939.5997704091133,58.622335107765416,60.59645729323915,58.60469269207853,24259.39072252075,22489.934366634792,364.128685437342,25.864437148741327,1,-0.0017345905541258598
2025-10-22,25093.640625,25127.060546875,24652.109375,24879.009765625,14361150000,195.6178239925539,211.98966812729554,25267.365254158343,24297.059550529157,970.3057036291866,55.01112560625411,50.183287274532596,53.08914420794958,24225.18584767466,22463.728579804487,378.54243741974904,25.575981292780867,1,-0.01042160463299131
2025-10-21,25139.80078125,25178.23046875,25043.060546875,25127.130859375,10845130000,207.4554564767459,216.0826302133228,25261.05280768172,24265.82805169328,995.2247559884418,60.58952842258665,66.04681785942267,61.34307650716339,24198.499157146074,22439.45439703242,363.710296008442,25.24314659293612,1,-0.0005524307340733155
2025-10-20,24991.099609375,25183.810546875,24988.669921875,25141.01953125,9440620000,194.30029146081506,218.23942434063397,25210.317947432406,24261.866818192597,948.4511292398092,60.91057228185351,66.99517360190136,61.82130767082619,24160.595822361218,22412.442573290282,398.87043129785474,28.61301733859497,1,0
2025-10-17,24600.55078125,24881.470703125,24511.58984375,24817.94921875,9552150000,173.26970398831327,224.2242099648836,25153.87616270012,24280.31368104988,873.5624816502386,55.85855284202293,54.96031297166194,54.48433252892938,24120.578528120855,22385.019689290686,403.94876781708757,32.50134560041874,1,-0.012677517214714681
2025-10-16,24882.220703125,24998.30078125,24481.169921875,24657.240234375,11343620000,176.77517868432915,236.9628428559617,25143.430376332904,24271.589545542094,871.8408307908103,53.056065852516866,47.31523845137079,50.25750905790193,24092.114418299258,22360.56813623079,409.18999992706694,33.06293713297679,1,-0.019070938043344227
2025-10-15,24807.33984375,24933.23046875,24496.0703125,24745.359375,11374850000,195.02729724983146,252.009768343978,25146.697556792762,24248.087404144735,898.610152648027,54.8284101993382,51.12160798216286,52.64008843759144,24069.04805845943,22337.486004591152,392.5836574608693,33.710930882428194,1,-0.01556532974606193
2025-10-14,24442.9296875,24766.369140625,24256.279296875,24579.3203125,9776720000,206.5226432129748,266.25539729517243,25164.83953415421,24177.778434595788,987.0610995584211,52.02433675634746,44.376335139395785,48.55524904755405,24041.44351492716,22313.286272225232,385.72570769659893,33.33067914598475,1,-0.022170794927003985
2025-10-13,24625.740234375,24779.650390625,24540.419921875,24750.25,9018770000,235.0799571072639,281.18860046216486,25178.05212474848,24134.058812751522,1043.9933119969573,55.306199125963005,50.0665326250634,52.71589114311394,24019.489359924188,22290.512060765184,366.592677178887,29.859012714352424,1,-0.015370767980510257
2025-10-10,25116.830078125,25195.279296875,24207.150390625,24221.740234375,10713200000,250.7245145479974,292.7157754331655,25176.252317045128,24090.211550142372,1086.0407669027554,45.420866617780085,26.872040548109325,38.14956952534054,23989.662395023133,22265.791076451267,337.1590653025944,27.696630427238524,1,-0.03639625922371565
2025-10-09,25124.7890625,25139.349609375,24966.810546875,25098.1796875,10713200000,320.796232933244,303.21360674233716,25191.894741899603,24061.614047162897,1130.2806947367062,68.88076883981356,70.02359253967363,69.88374741430111,23980.189830151627,22246.13329596962,237.00925612981996,25.201549920541396,1,-0.0015292212890664913
2025-10-08,24887.3203125,25142.189453125,24882.349609375,25136.619140625,10925520000,316.4393090186895,298.8179417741893,25157.264937347292,23985.68193765271,1171.5829996945831,70.36080448727881,74.20450744990954,72.22600114440847,23934.557591076184,22217.469513140168,246.9278163500527,25.476440812434568,1,0
2025-10-07,25031.779296875,25062.9609375,24783.94921875,24840.23046875,10375920000,302.36569738010803,294.41258941434097,25112.925034325926,23901.286879736574,1211.6381545893528,64.97204662353374,59.1649849461885,63.94321045143069,23885.493854359906,22188.131325929262,238.461414954527,25.793626676428254,1,-0.005537952351794191
2025-10-06,24986.259765625,25044.259765625,24907.599609375,24978.560546875,10468830000,310.1378137691463,292.4243064716595,25108.13977774268,23806.02916756982,1302.1106101728583,70.52932738354146,75.62841050858968,72.97122878127992,23846.525012956226,22161.477063187347,232.22284898779745,27.38271454091475,1,0
2025-10-03,24931.419921875,24958.259765625,24713.580078125,24785.51953125,10515730000,301.48293784858106,287.99591307870105,25068.013658485503,23724.529310264497,1343.4843482210053,66.85572067314561,64.64529238066059,67.23240304997984,23800.31948095954,22133.164666366363,228.14320770584288,26.314678441297623,1,-0.004308089395659961
2025-10-02,24933.490234375,24944.75,24780.109375,24892.759765625,9633200000,305.67177049684324,284.6241411171103,25059.862753683203,23619.3722072543,1440.490546428904,71.45012352609734,80.83501794440838,75.10709021607967,23760.10723400891,22106.507833553464,225.59910256928967,26.18578870342622,1,0
2025-10-01,24539.25,24816.669921875,24517.759765625,24800.859375,10043980000,295.6714548759701,279.3622030108525,25012.530223689617,23540.729737247886,1471.8004864417308,69.79856890968912,76.86246977568342,72.66858386808325,23713.876518432742,22078.50530157284,234.977463114013,24.491525629595774,1,0
2025-09-30,24597.400390625,24691.23046875,24505.140625,24679.990234375,8928070000,287.9438794482121,275.28486024935745,24992.12950269144,23422.528505121056,1569.6009975703855,67.50268695685853,70.40871149862792,69.13367056406179,23669.509871225917,22051.144959126337,225.14150294666473,24.003606628113918,1,-0.003274498117477126
2025-09-29,24629.01953125,24741.76953125,24560.220703125,24611.349609375,9046720000,286.171428603644,272.1200765412903,24995.60471234418,23274.16520953082,1721.4395028133586,66.14556553188189,66.11470441733175,66.97772976060821,23628.26577477085,22024.7244035962,231.14956414549442,25.087091422520675,1,-0.006046616775261823
2025-09-26,24410.94921875,24510.369140625,24297.69921875,24503.849609375,8488400000,286.71792976022334,268.60719841572427,24960.89787396786,23189.279079157142,1771.618794810718,63.95659660368335,58.58508815761719,63.42093180535449,23588.13990397068,21998.72817037229,230.10794791784687,25.263756290279186,1,-0.010388109232707466
2025-09-25,24321.73046875,24460.66015625,24186.369140625,24397.310546875,9960330000,294.16190359466054,264.0794509574284,24912.05637397531,23158.080540087194,1753.9758338881147,61.67621152162517,49.728317992255846,59.58625028847711,23550.763997627644,21973.551070482816,232.79078870901068,28.714894551894194,1,-0.014690793291005885
2025-09-24,24648.970703125,24650.419921875,24388.58984375,24503.5703125,9184030000,310.2016796440512,256.5587036235044,24876.6624003842,23110.3284199283,1766.3339804559,65.51504000719605,59.95952259277411,65.6916529579577,23516.211077250202,21949.19167876028,226.40595291055857,32.7552321347525,1,-0.010399388909695379
2025-09-23,24752.740234375,24764.30078125,24536.5,24580.169921875,9822620000,315.37245751819864,243.1476605421131,24817.634465275216,23071.528230037286,1746.1062352379304,68.36328238726237,68.03151680648345,70.30776938598012,23475.91070030123,21923.519531687518,220.955904787692,34.606067815186904,1,-0.007305838897185192
2025-09-22,24588.1796875,24781.73046875,24578.08984375,24761.0703125,9736270000,309.6075974302112,225.0909579506872,24736.537650028695,23037.168990596307,1699.368659432388,75.56772796032807,91.23742946057538,82.4736058528335,23430.838895339035,21896.819527766034,219.90280613541785,33.44595560249654,1,0
2025-09-19,24528.439453125,24641.9296875,24469.279296875,24626.25,14632360000,279.38554745950387,203.96106181138455,24587.502060574305,23059.909462863194,1527.592597711111,73.64569721378824,89.00040323382753,80.20441928732265,23376.543735454914,21868.033087718457,222.40479182492274,31.118850467375413,1,0
2025-09-18,24421.2109375,24554.51953125,24347.5390625,24454.890625,10478450000,250.42075904715966,185.1041190636605,24474.32776385552,23024.716767394482,1449.6109964610368,70.94836176813487,85.14398167418916,76.81262748430296,23325.53531649389,21840.3123147307,227.8459534710956,29.63338317216642,1,0
2025-09-17,24286.4296875,24292.060546875,23999.75,24223.689453125,9325980000,227.18395591725857,168.7740699753448,24368.444387641684,23010.068112358313,1358.3762752833718,66.67520988775738,76.09939313947095,70.81550773238533,23279.439181452824,21814.035145783273,212.00130047558392,28.735023567435096,1,-0.0028850942825110757
2025-09-16,24342.75,24343.349609375,24244.2109375,24274.25,8592240000,217.65845220881965,154.17060462951574,24292.040680222955,23002.579827589543,1289.4608526334123,68.72801904553745,85.17113166938461,74.56429964288145,23240.898354037632,21789.817514553706,199.6451846255296,30.71364516833474,1,-0.0008038805587367844
2025-09-15,24178.599609375,24297.33984375,24173.140625,24293.779296875,8904030000,197.20654460460355,138.2972923826242,24197.91191517429,23040.659569200714,1157.2523459735748,69.49543464282125,88.42849650350449,75.94462778001765,23198.720735835082,21764.8483438457,215.10894840611098,27.2066153776068,1,0
2025-09-12,24030.76953125,24137.060546875,23983.630859375,24092.189453125,9023140000,166.2510585987402,123.56841308403256,24082.295689081056,23098.104896856446,984.19079222461,65.83931194184494,83.0869332341176,71.02265090270082,23154.024468037536,21739.431952357965,216.64117408350836,23.559696309212445,1,0
2025-09-11,23956.5703125,24016.529296875,23883.009765625,23992.560546875,10025020000,144.7343365607121,112.89633314261248,24027.56878217029,23126.85680376721,900.7119784030801,63.851001361915806,79.31099489127004,68.1607506006261,23115.73201966662,21715.786148330153,226.36704255627325,20.886223004246958,1,0
2025-09-10,23931.3203125,23958.5390625,23760.099609375,23849.26953125,9090550000,125.247804677354,104.93550956939222,23997.692755386204,23142.3806821138,855.3120732724055,60.80418538919739,72.15936008380538,63.559677474514736,23079.943100188728,21692.903993570908,235.4615750308701,19.188398273927035,1,0
2025-09-09,23824.330078125,23852.419921875,23698,23839.80078125,7877410000,113.04973349808279,99.85638089864813,23995.894750553198,23143.171655696802,852.7230948563956,60.60041993770404,71.64113522653048,63.247715383392894,23048.542021369896,21671.231978116848,241.15808489437677,17.941149243027358,1,-0.0003873649259322228
2025-09-08,23759.619140625,23851.810546875,23725.0390625,23762.30078125,8435850000,96.79047749485107,96.5571862288835,23961.995552600834,23145.753861461664,816.2416911391701,58.979676366328356,67.70496547287019,60.806595367541355,23016.24574545642,21649.43731677883,254.50457712490962,17.853764328986117,1,-0.003636971746437635
2025-09-05,23841.98046875,23860.25,23475.330078125,23652.439453125,8413730000,82.4602020110433,96.49884447941143,23944.19883829783,23148.447450764666,795.7513875331642,56.631357872262534,61.67194352461327,57.22671947615711,22985.794519505664,21628.202508090675,262.9882353209835,17.252851040941017,1,-0.00824350234237032
2025-09-04,23442.189453125,23639.0390625,23371.330078125,23633.009765625,7282150000,74.06555946384833,100.0099293617382,23933.525707939658,23132.82956549784,800.6961424418187,56.219760746049694,60.6314004187958,56.60359154893837,22958.58452221508,21607.85841819083,244.2254725548347,16.55925035368815,1,-0.009058197116825659
2025-09-03,23388.279296875,23478.009765625,23279.119140625,23414.83984375,7488290000,64.23245137596314,106.49931234430386,23925.67978859656,23108.87841452844,816.8013740681199,51.41166750540156,47.93393332434665,49.219876132452995,22931.056961259572,21587.50513831712,240.6117263700841,18.199065395414404,1,-0.01820615151881447
2025-09-02,23020.470703125,23242.279296875,22977.880859375,23231.109375,8183410000,72.75711176887489,117.07272928555507,23958.839201235016,23036.091072202486,922.7481290325304,46.84682744725578,33.479591066114295,41.80819406599958,22911.310721157923,21569.139965398197,239.64396201310123,19.793343145975538,1,-0.025910045510874554
2025-08-29,23607.5390625,23607.5390625,23353.9609375,23415.419921875,7715430000,101.10350776278938,128.16041823694658,23961.963392523125,23028.716880914377,933.2465116087478,51.33978071424326,43.076829561945864,48.06360507821883,22898.25771487865,21552.436755251445,235.83432049921092,17.84106477145827,1,-0.018181828604860586
2025-08-28,23601.349609375,23741.23046875,23514.69921875,23703.44921875,7807080000,117.24789161880108,134.93135146296095,24027.872538245618,22897.596797691884,1130.275740553734,59.64003503404962,67.1375040557804,60.674085612506026,22877.149053368594,21533.713306340655,233.10346171016448,20.385601661481285,1,-0.006104641925758932
2025-08-27,23499.669921875,23591.05078125,23434.310546875,23565.849609375,8040510000,107.1559637888422,139.35769597309766,24001.85436537179,22875.081962753207,1126.7724026185824,56.521831304201086,58.21844110021853,55.74322058444566,22843.422516006085,21511.906915261163,234.11501686295466,20.6062409611859,1,-0.011874250043486422
2025-08-26,23420.849609375,23532.509765625,23369.0390625,23525.2890625,9087930000,106.54842594682486,147.42060576774645,23989.055333374577,22865.83704943792,1123.2182839366578,55.582520021621896,55.36147485745931,54.23985087749795,22813.93569586858,21491.264275119313,246.02488390803526,23.36156559071569,1,-0.013574970427595189
2025-08-25,23454.279296875,23546.44921875,23382.189453125,23425.609375,8443200000,108.29434051655335,157.65845360070892,23978.60965038839,22854.583904299114,1124.0257460892753,53.27913045591576,48.42843618376501,50.57202099089504,22784.9008645775,21470.82181494463,258.73298110522774,26.307139555003417,1,-0.017754580651670647
2025-08-22,23184.990234375,23575.359375,23140.0390625,23498.119140625,9401300000,118.94780972663648,170.0293929677753,23975.732681762303,22850.526888550194,1125.2057932121097,55.21315136903824,53.24055303094752,53.3363004968187,22758.74949680515,21451.175708813418,273.2771653707861,29.921075203764232,1,-0.01471421640743518
2025-08-21,23182.759765625,23264.26953125,23046.390625,23142.580078125,6530580000,123.54530024212363,182.8385019344502,23966.22682702376,22837.44582922624,1128.7809977975194,46.345311220430816,23.37314572442895,38.74246438933775,22728.571143996178,21430.603413016313,248.32796718445974,34.096235100843174,1,-0.02962211527783647
2025-08-20,23343.41015625,23343.41015625,22959.69921875,23249.5703125,7810310000,163.20846352010267,197.71801557071367,23963.96286135924,22847.438701140763,1116.524160218476,49.05964919066953,27.620361435268933,42.279366701405365,22711.672820154185,21413.39761738708,253.0166628824944,33.495165218684,1,-0.025135970821675534
2025-08-19,23689.01953125,23695.640625,23346.33984375,23384.76953125,8461660000,200.76935897888688,206.38633858141486,23965.73917858877,22836.94636828623,1128.7928103025406,52.67998737642371,33.8360078177584,47.110277340040554,22689.717820466598,21394.943620451268,232.88892495842114,32.80046209892466,1,-0.01946701206842388
2025-08-18,23692.130859375,23733.5,23637.41015625,23713.759765625,8260970000,232.29799079276563,207.7989219022073,23968.612940605355,22801.953660957148,1166.6592796482073,63.221811885401664,60.21524263063007,62.57573575364888,22661.3483628836,21374.945370091482,214.9578979552036,36.48143297253816,1,-0.005672316461911955
2025-08-15,23809,23813.990234375,23651.2109375,23712.0703125,8158830000,236.36880241083418,201.62862593131408,23928.044595682957,22789.15208400454,1138.8925116784158,63.18668387792091,60.08740870410662,62.51957120091517,22618.392795424767,21351.43969777456,233.27063925721262,37.377081028776445,1,-0.005743155925110976
2025-08-14,23775.009765625,23908.259765625,23748.98046875,23832.439453125,9110860000,238.28245075612358,192.86273069846538,23885.092484598514,22767.444234151488,1117.648250447026,67.44876298118557,73.55920253074353,69.08577166732043,22573.752896768634,21327.7147669733,244.13280961725943,38.041388838250164,1,-0.00069602843668033
2025-08-13,23935.060546875,23969.279296875,23789.119140625,23849.0390625,8763080000,225.28821471847914,181.37536032065117,23805.828552146133,22771.569299416366,1034.2592527297675,68.03643568736783,75.42484788405471,69.98681265708241,22522.3779352847,21302.541654549663,257.2112980027476,36.187243790608996,1,0
2025-08-12,23651.609375,23849.5,23524.279296875,23839.19921875,8382820000,203.75596300925827,170.236620563694,23715.735727112493,22767.555288512507,948.1804385999858,67.8824039500204,75.12567397108523,69.77912976987363,22468.22850152081,21276.948715776292,269.0905796271799,32.93747563864041,1,0
2025-08-11,23629.01953125,23698,23484.25,23526.630859375,9099730000,174.2515272761193,161.70305795476,23605.90097013822,22781.92910798678,823.9718621514403,62.5606407398376,63.98328169019025,62.44054817476782,22412.270513062478,21251.197454439873,260.43393684839197,30.105952153551097,1,-0.0035846726396045322
2025-08-08,23458.130859375,23619.240234375,23437.609375,23611.26953125,8669200000,164.8693058799181,158.49367167004038,23567.76812107398,22752.961957051022,814.8061640229571,65.28042614813762,70.85931348123167,66.31668666355702,22366.78641729462,21228.32877700334,267.63647116359584,28.201392520471593,1,0
2025-08-07,23483.419921875,23560.73046875,23225.720703125,23389.529296875,8979190000,142.13993381555701,156.85359918100548,23502.574334619025,22735.088751318475,767.4855833005495,61.17417907398666,62.38768054528784,60.62445914829862,22315.991188153585,21204.379623694327,273.49029019717784,26.79103447485596,1,0
2025-08-06,23070.94921875,23330.490234375,23042.26953125,23315.0390625,8580020000,132.79652141594852,160.6661580108473,23473.224157780198,22708.4119750323,764.8121827478972,59.68691929004339,59.200019524193976,58.531868764158034,22272.173306164954,21182.418320446282,263.98994827385155,25.748922818723834,1,-0.0017652848497417299
2025-08-05,23235.310546875,23286.05078125,23008.140625,23018.560546875,7982940000,126.20716992505186,167.95409397288176,23448.259149252393,22688.36409293511,759.8950563172839,53.03851871864961,44.120932873468625,48.92975086788997,22229.60735692679,21160.984946154284,256.5823890340884,27.25521183293893,1,-0.014459029252216642
2025-08-04,22986.76953125,23191.0390625,22973.599609375,23188.609375,7355970000,144.8733390835041,178.99796840238616,23464.399952367025,22640.592235132975,823.807717234049,58.14574192756097,53.13113610479744,55.47930053771782,22197.405185908494,21142.3158446395,253.28464612606692,29.607802623555088,1,-0.007178379065444319
2025-08-01,22941.060546875,22972.470703125,22673.880859375,22763.310546875,9667420000,150.05740754166982,188.1586424598872,23463.642027947684,22591.046253302313,872.5957746453714,46.089831913464735,20.749039430652104,36.61795303081037,22156.947872068024,21121.75008051527,226.2908347276386,33.62302293540407,1,-0.02538757242810708
2025-07-31,23589.369140625,23589.369140625,23176.119140625,23218.119140625,9917220000,195.69768323126118,198.57905807499378,23458.496128960385,22606.558167914616,851.937961045769,64.55421172506686,50.74085939281057,61.3068506188595,22132.198375137126,21105.251985375977,215.09310134237148,36.33949512118069,1,-0.005914916782415054
2025-07-30,23337.330078125,23447.150390625,23226.919921875,23345.41015625,9311770000,207.24812067448147,199.38605211071408,23452.892392265607,22554.53905304689,898.3533392187164,72.0563731660515,75.02063235082291,73.66267366264304,22087.8750785866,21084.017139594576,184.3705995149565,34.24817828235219,1,-0.0004649447543611567
2025-07-29,23477.83984375,23510.919921875,23283.400390625,23308.30078125,10040610000,206.72635117671234,197.11583105802214,23435.888106839317,22484.815408785682,951.0726980536347,71.14870233366504,71.88275923906929,72.21135277918071,22036.54711623299,21061.28957158799,178.80418637473431,33.79730192451061,1,-0.0020537847422859726
2025-07-28,23343.130859375,23386.759765625,23299.810546875,23356.26953125,10612580000,206.56404260433555,null,23391.263359264125,22466.511054798375,924.7523044657501,74.0352188682294,82.61463608778864,77.09255065242988,21984.63880337515,21038.706544355202,171.23180388522115,31.22307399915823,1,0
2025-07-25,23204.66015625,23326.30078125,23193.990234375,23272.25,11028310000,198.73962928224864,null,23336.84749708927,22438.71988572323,898.1276113660424,72.20089937625954,78.01545831023397,74.39815390737621,21928.65387570679,21015.414454034653,180.0628460634317,29.949077342547362,1,0
2025-07-24,23228.7890625,23268.490234375,23150.26953125,23219.869140625,12741070000,193.75182066686466,null,23298.30652807823,22394.76476098427,903.5417670939569,71.0155025181702,74.67391740102138,72.61302880153407,21873.813217572373,20992.732689753593,187.51112336377318,29.43929880983851,1,0
2025-07-23,23100.25,23168.490234375,23000.4609375,23162.41015625,10972770000,189.4344070093248,null,23288.043049166186,22306.815349271314,981.2276998948728,69.69941527907724,70.77587875978503,70.61522641430035,21818.87215948859,20970.349408840313,198.34194245628925,29.83261420807829,1,-0.0007614471320860947
2025-07-22,23182.01953125,23186.359375,22953.849609375,23063.580078125,10583710000,186.47699409493725,null,23276.3589660881,22221.310369849398,1055.0485962387029,67.3301566851658,62.92357358778436,66.92658695032466,21764.03387390649,20948.318647559812,203.09183203857097,32.204576776184126,1,-0.005025028666963651
2025-07-21,23124.970703125,23264.44921875,23122.9296875,23180.060546875,12046970000,189.11103845081016,null,23323.458241372617,22053.486094564883,1269.9721468077332,73.63104381711024,84.273784132502,77.060767525252,21710.99117169349,20927.05973870991,198.4689634126084,35.04765344389424,1,0
2025-07-18,23135.08984375,23153.2109375,23018.359375,23065.470703125,9354580000,178.9065616761618,null,23356.670716895063,21864.90662685494,1491.7640900401238,71.16612003277584,78.54431881820494,73.55973394260519,21651.02915637996,20904.416514507247,198.38862505792267,null,1,-0.0006750159805400432
2025-07-17,22931.01953125,23104.720703125,22905.509765625,23081.05078125,9994550000,173.65346048910578,null,23353.248438937502,21733.7507798125,1619.4976591250015,72.01604115229433,81.78531627429696,74.94207137342664,21593.29684834955,20882.6973769332,208.44456998668676,null,1,0
2025-07-16,22895.30078125,22928.55078125,22669.369140625,22907.970703125,9056640000,null,null,23321.146180761258,21629.65596767624,1691.4902130850169,68.08411872321267,71.23767540992417,69.23270096446998,21532.572198027083,20860.603372869715,209.9124596082109,null,1,0
2025-07-15,23036.859375,23051.869140625,22876.470703125,22884.58984375,8399060000,null,null,23279.11171885015,21574.65039052485,1704.4613283252984,67.51151528998001,69.31756172503408,68.36725327906859,21476.43348353329,20840.026816786747,202.03968101194823,null,1,0
2025-07-14,22780.189453125,22886.939453125,22675.279296875,22855.630859375,8010060000,null,null,23256.031210595378,21472.37582065462,1783.655389940759,66.82702112179516,67.14422231771678,67.35632384101218,21418.957713728527,20819.478444656463,202.97223732716617,null,1,-0.0004959049406771793
2025-07-11,22757.990234375,22837.380859375,22692.80078125,22780.599609375,8135800000,null,null,23199.604906863366,21434.571069699137,1765.0338371642283,65.05572787481624,61.49019584308243,64.76279085402328,21360.317993498058,20799.014601292456,201.56597829541926,null,1,-0.0037771113135766834
2025-07-10,22890.4296875,22907.0390625,22716.41015625,22829.259765625,9781380000,null,null,23148.051187711924,21394.144906038073,1753.9062816738515,67.21711467561735,67.51842409532216,67.87134147035613,21302.347315298997,20779.099174075545,210.86448063112977,null,1,-0.0016491444358585907
2025-07-09,22800.359375,22915.330078125,22733.650390625,22864.91015625,9978310000,null,null,23075.574878945416,21377.887230429587,1697.6876485158282,68.77151052688149,71.63453470509583,70.06136745854272,21240.024358142833,20758.494545014746,214.1974420596722,null,1,-0.00009011018126324908
2025-07-08,22735.259765625,22761.80078125,22652.439453125,22702.25,8437480000,null,null,22988.535472213396,21358.222535599107,1630.3129366142894,65.37958558576793,63.516086209905154,65.55348604914842,21173.702488832336,20737.32453887168,214.3835018196716,null,1,-0.007203433513932358
2025-07-07,22754.380859375,22776.2109375,22587.470703125,22685.5703125,8345710000,null,null,22922.33067393178,21330.38124013072,1591.9494338010627,65.01778892636395,62.63888407714942,65.0741481903436,21111.31279449896,20717.576544287476,232.09587357201616,null,1,-0.007932856213447189
2025-07-03,22751.640625,22896.009765625,22736.080078125,22866.970703125,6177910000,null,null,22860.087335650343,21278.810515912155,1581.2768197381884,72.68905286247784,79.20839870910433,75.18870465359194,21047.05738560096,20697.797712446143,239.51786085202863,null,1,0
2025-07-02,22451.810546875,22644.720703125,22448.0703125,22641.890625,8378750000,null,null,22725.600036055945,21298.79273738156,1426.8072986743864,68.39228391704934,71.80510261234295,70.0553123467207,20972.77520937549,20675.99697887148,236.9741760332453,null,1,-0.0016367178729850091
2025-07-01,22594.48046875,22631.259765625,22388.08984375,22478.130859375,8631710000,null,null,22629.937407503512,21296.524311246485,1333.413096257027,64.63315688244414,64.43400243857661,65.42961933474402,20904.648049554078,20656.23925378476,244.14499470192627,null,1,-0.008857481359458469
2025-06-30,22632.919921875,22721.5,22565.109375,22679.009765625,8220420000,null,null,22566.753747865485,21261.069884947014,1305.6838629184713,74.76085074521689,86.66938623037473,78.68248118158888,20840.424261398122,20637.928785386866,null,null,1,0
2025-06-27,22484.869140625,22603.220703125,22382.7890625,22534.19921875,10951070000,null,null,22444.398886479314,21249.62279320819,1194.7760932711244,null,83.35722843893573,75.5029557761877,20765.379955103148,20617.415408701057,null,null,1,0
2025-06-26,22328.240234375,22466.990234375,22255.26953125,22447.2890625,8383380000,null,null,22332.00708859766,21244.98959108984,1087.017497507819,null,81.10290490223485,73.38524878706754,20693.1832504645,20598.15124980609,null,null,1,0
2025-06-25,22279.689453125,22329.23046875,22175.080078125,22237.740234375,8256120000,null,null,22222.03562820777,21242.049137417227,979.986490790543,null,74.4193637133701,67.33288287390056,20621.587094871215,20579.566950181026,null,null,1,0
2025-06-24,22053.330078125,22220.640625,22045.630859375,22190.51953125,8330090000,null,null,22140.66321176125,21241.146553863753,899.5166578974968,null,72.6772641848647,65.77384912390787,20555.621660605753,20562.901892048423,null,null,1,0
2025-06-23,21632.779296875,21871.869140625,21532.3203125,21856.330078125,9088000000,null,null,22133.43042782219,21120.89340030281,1012.5370275193782,null,55.53101607062918,51.089505990450775,20488.891135273334,20546.543925825288,null,null,1,-0.0039007454249557804
2025-06-20,21834.490234375,21902.990234375,21552.810546875,21626.390625,9969140000,null,null,22131.496727947884,21048.441162677114,1083.0555652707699,null,32.064184565556886,null,20433.077300871228,20533.380245902677,null,null,1,-0.014380204558145026
2025-06-18,21745.5,21863,21660.51953125,21719.689453125,7818790000,null,null,22147.428798423003,20977.905967201994,1169.5228312210093,null,38.692012954050426,null,20384.370634580257,20522.395216967026,null,null,1,-0.010128123224460741
2025-06-17,21858.890625,21896.419921875,21680.1796875,21719.080078125,8519930000,null,null,22131.056240655347,20959.046493719656,1172.0097469356915,null,38.62572480955161,null,20329.867825660065,20510.362109065944,null,null,1,-0.010155895406756989
2025-06-16,21783.080078125,21979.76953125,21783.080078125,21937.5703125,9619130000,null,null,22113.2792045168,20949.6206001707,1163.6586043460993,null,55.99057945100569,null,20273.16528474313,20498.214189778915,null,null,1,-0.00019823285247995353
2025-06-13,21675.939453125,21838.470703125,21591.109375,21631.0390625,9001850000,null,null,22058.312659471696,20953.624059278307,1104.688600193389,null,null,null,20205.23038565101,20483.7482990983,null,null,1,-0.014168352654731334
2025-06-12,21826.7890625,21952,21807,21913.3203125,16308730000,null,null,22045.169713155577,20937.24513059442,1107.9245825611579,null,null,null,20147.03411312656,20472.2177386621,null,null,1,-0.0013034232864229723
2025-06-11,21994.16015625,22041.830078125,21775.26953125,21860.80078125,10214190000,null,null,21984.593972092327,20938.409934157673,1046.184037934654,null,null,null,20074.94079886642,20457.734295708957,null,null,1,-0.0036969937413784955
2025-06-10,21819.7890625,21961.419921875,21727.33984375,21941.919921875,11221560000,null,null,21929.60398386705,20927.089766132947,1002.514217734104,null,null,null,20002.0485546875,20443.633125,null,null,1,0
2025-06-09,21779.1796875,21855.150390625,21729.30078125,21797.869140625,9538700000,455.9498348106681,472.95164850885794,21874.399776005215,20874.917020869783,999.482755135432,67.65225495422524,72.04006652168937,70.36672045197714,20598.993705563462,20107.06083014461,284.96006490020255,26.335526894227893,1,-0.017033607902548435
2025-06-06,21777.5,21836.5703125,21696.689453125,21761.7890625,7291590000,459.9509728865014,477.20210193340534,22014.93581828547,20560.73898640203,1454.1968318834406,67.16867260217427,70.39512164335788,69.54742815978622,20550.060014336457,20090.067781798072,309.43859651946445,27.077631817072813,1,-0.01866062492849378
2025-06-05,21782.33984375,21891.890625,21472.76953125,21547.4296875,8782360000,462.0412920158524,481.51488419513134,22071.64747053307,20334.20448259193,1737.44298794114,64.21755309546123,58.903362863266494,64.34084668718208,20500.601685839985,20073.266562896544,312.56136136861284,28.190416090797985,1,-0.028327077190257063
2025-06-04,21689.01953125,21761.369140625,21607.330078125,21721.919921875,7695660000,479.81438054799946,486.38328223995103,22148.105962689246,20089.80009199825,2058.305870690994,68.89871240243247,78.82996103050766,73.42414820233338,20457.87401230284,20058.45085310153,296.16755638686095,29.47439794509626,1,-0.020458508247425313
2025-06-03,21529.98046875,21715.9609375,21474.509765625,21662.580078125,7990230000,477.75390778468864,488.0255076629389,22163.33515629856,19881.51386713894,2281.8212891596195,68.16591723308136,76.6840514379052,72.23944986978385,20406.28030170806,20041.732571003307,318.03347852330114,28.547005060622443,1,-0.023134415316243124
2025-06-02,21270.5703125,21500.359375,21199.369140625,21491.75,7779940000,474.2167225262856,490.5934076325014,22126.551996288774,19748.83296464873,2377.7190316400447,66.02606734805065,69.58318320581341,68.66493969673223,20355.002759813488,20025.442646308613,329.81537185380904,27.871152419979406,1,-0.03083793094306656
2025-05-30,21330.849609375,21386.2890625,21032.560546875,21340.990234375,9042260000,480.19789805972687,494.6875789090553,22081.564194124112,19654.90670431339,2426.657489810721,64.04554326177974,61.2517049722758,65.14421624289503,20308.604913275263,20010.70588898508,334.2500083890104,29.10759657734737,1,-0.0376363836695157
2025-05-29,21611.5390625,21611.5390625,21260.73046875,21363.94921875,11016850000,496.19744154153886,498.30999912138725,22070.07157655535,19510.97139219465,2559.100184360701,64.5778975343876,63.36628312773905,66.15033235879679,20266.466736903847,19997.336197071614,331.25331496808894,31.74827226093358,1,-0.036601057239591624
2025-05-28,21451.689453125,21508.080078125,21296.509765625,21318.169921875,8087530000,507.06361766317787,498.8381385163493,22056.15194556522,19345.59805443478,2710.5538911304393,64.02422400247937,61.231306330696114,65.19765764049042,20221.671533563185,19983.60139283364,328.2448105401026,31.251754138542253,1,-0.03866545674541812
2025-05-27,21201.44921875,21429.3203125,21145.130859375,21414.990234375,8927760000,518.2185037015115,496.7817687296421,22025.138152759668,19199.289776927835,2825.8483758318325,66.05179818038499,67.92950412996592,68.83995721127808,20176.91649730556,19970.188643798047,346.19473331550296,31.55884823780106,1,-0.03429938258257708
2025-05-23,20806.369140625,21025.580078125,20777.970703125,20915.66015625,8730370000,515.0604027366062,491.4225849866747,21964.98752649969,19060.67028600031,2904.317240499382,59.98282169731066,41.54849818758171,58.11249852582834,20126.38287538436,19955.668024797273,320.4308220948111,32.583771066199446,1,-0.05681647735885101
2025-05-22,21097.4609375,21263.1796875,21046.220703125,21112.470703125,8289710000,554.3786105106883,485.5131305491918,21951.191745944114,18926.15610561839,3025.0356403257247,64.18224382855223,56.099608580913845,66.08323015072696,20094.167476165352,19946.019862672118,331.634121647859,37.07211108110953,1,-0.04794138264475832
2025-05-21,21217.310546875,21482.98046875,21002.099609375,21080.359375,11112460000,576.4603602349016,468.29676055881765,21912.41701329646,18775.123807016036,3137.293206280425,63.79825609645456,53.99665288304987,65.39485256604885,20052.604079146593,19934.296738647463,349.2764504590681,39.1810663879718,1,-0.04938943044011194
2025-05-20,21347.630859375,21399.990234375,21226.66015625,21367.369140625,9047100000,599.5293416885688,441.2558606397966,21909.643644799275,18539.187214575722,3370.456430223552,70.02916881452106,82.12709768189058,77.96698196490897,20010.654883397474,19922.778521196684,329.0296183181555,41.614476357428266,1,-0.03644683719886027
2025-05-19,21138.130859375,21464.560546875,21138.130859375,21447.05078125,13080030000,591.0305114557814,401.6874903776034,21870.459087296025,18269.275873641476,3601.183213654549,71.83789731705954,92.87322177686696,81.85022175234023,19955.278791265737,19908.260022508963,352.98339373248706,40.41622307762833,1,-0.03285362474785111
2025-05-16,21375.630859375,21428.7890625,21246.419921875,21427.939453125,10509820000,563.4730663829432,354.35173510805885,21825.28259090515,17950.57737003235,3874.7052208727982,71.67496290563639,92.6896845860779,81.65542975692131,19894.39013861332,19892.794788752773,357.0685793067159,39.03362313939763,1,-0.03371544262252633
2025-05-15,21206.73046875,21443.880859375,21168.169921875,21335.8203125,10546350000,522.0496543880472,302.0714022893377,21655.52306683805,17803.35193316195,3852.1711336761,70.92197683546203,91.88367694994284,80.77121424365018,19831.796289041413,19877.366199161093,383.94541602697984,35.53556175836023,1,-0.03786951927649222
2025-05-14,21254.470703125,21336.48046875,21199.849609375,21319.2109375,11744820000,470.96427151436,247.07683926466024,21454.942724651144,17696.114306598854,3758.8284180522896,70.79197864063215,91.75251189720707,80.6215144117168,19770.40755339004,19862.70836887628,400.5968742618998,31.49933708793247,1,-0.03861851255255129
2025-05-13,20906.919921875,21259.390625,20891.1796875,21197.69921875,9242230000,400.60149342446675,191.10498120223528,21175.392598736053,17726.766385638944,3448.626213097108,69.87713057808293,90.89094939563937,79.58812325619388,19707.19108873249,19848.070152106193,440.8762010714228,27.22868605964294,1,-0.04409803603288278
2025-05-12,20818.779296875,20870.119140625,20613.26953125,20868.150390625,10717670000,317.33817357628504,138.7308531466774,20877.365338364965,17784.62567726003,3092.7396611049335,67.29758255491035,88.22130145605576,76.57693653687059,19646.354022201158,19834.506040883643,448.51250364010326,22.568189557842235,1,-0.05895891167683512
2025-05-09,20170.369140625,20203.580078125,19984.529296875,20061.44921875,8835140000,240.00213439985964,94.07902303927543,20619.735502117408,17824.44555257009,2795.2899495473175,59.39350900745611,72.35459924836768,65.50395977593466,19596.484782673655,19824.117655459107,393.10367006550376,18.689354069912376,1,-0.09533678583063962
2025-05-08,20067.4296875,20249.759765625,19907.669921875,20063.560546875,8500390000,219.9391326688601,57.598245199129344,20528.085710932923,17744.30745312958,2783.778257803344,59.4284169005966,72.5592508681219,65.57607993360523,19577.50664242564,19821.73241361699,419.8810375755813,18.35812333967914,1,-0.09524157631377464
2025-05-07,19804.5,19960.859375,19605.0703125,19867.970703125,7977870000,190.91736057520393,17.013023331696637,20415.765397169995,17764.77776689251,2650.9876302774865,57.267967565099475,65.28164064709657,62.14396101029788,19557.667707550158,19819.30198011691,425.741341433363,17.975934035563856,1,-0.10406162389739497
2025-05-06,19709.640625,19927.23046875,19659.3203125,19791.349609375,6958220000,171.01264849456857,-26.463060979180202,20487.205117868143,17415.581014944357,3071.6241029237863,56.42387890620347,62.134401945393385,60.782414828740535,19545.002279159347,19818.812847222354,436.5032305000342,19.993001582349255,1,-0.10751682218288383
2025-05-05,19928.8203125,20100.609375,19899.279296875,19967.939453125,7075320000,150.92096155172476,-75.83198834761741,20453.359406718915,17213.359733906083,3239.9996728128317,58.914390672479804,74.60356942287467,65.61723090916688,19534.947286089322,19819.08885966303,462.440626538501,21.772440270949136,1,-0.09955357217563963
2025-05-02,19986.609375,20176.599609375,19936.669921875,20102.609375,8180190000,105.10139214028823,-132.52022582245297,20351.999023470606,17057.69609371689,3294.302929753714,60.81528786108536,85.01186869890125,69.3569989348627,19517.274136414395,19817.592873799087,502.6114801405781,21.328665299063925,1,-0.09348068466652051
2025-05-01,19866.830078125,20024.48046875,19763.140625,19786.7109375,8409690000,31.378365796746948,-191.92563031313827,20143.71214747494,17107.869102525063,3035.8430449498774,57.8532286521752,79.69609318127986,65.22437316658508,19493.382902186408,19814.72838634983,519.9534506429748,20.420939715306837,1,-0.10772600127867879
2025-04-30,19168.08984375,19612.759765625,19011.98046875,19571.01953125,8595330000,-31.011232238783123,-247.75162934060958,20104.470317965264,17126.61776797224,2977.8525499930256,55.73158866432222,74.81751765331376,62.12417289346613,19481.410329316463,19815.00996875033,530.1830680495863,20.251895726718583,1,-0.1174525209692135
2025-04-29,19315.94921875,19582.76953125,19304.830078125,19544.94921875,13001930000,-88.23066717157053,-301.9367286160662,20081.5329908089,17136.095134191102,2945.4378566177984,55.480058148628274,74.21852066783777,61.757889262556446,19477.752810870195,19817.46213395134,519.3221097687534,22.779895289966397,1,-0.11862815152528552
2025-04-28,19432.720703125,19519.330078125,19162.4609375,19427.2890625,10313290000,-157.32568623601765,-355.3632439771901,20038.611809061455,17152.366315938547,2886.2454931229076,54.394091836146515,71.7963509436872,60.21436914116477,19475.01010034449,19820.200957219695,556.4579030985616,23.117642883803573,1,-0.12393399029955063
2025-04-25,19209.720703125,19447.560546875,19133.23046875,19432.560546875,7412930000,-231.2477392239307,-404.8726334124832,20015.817495284937,17160.571762527565,2855.245732757372,54.449347049533365,72.03893234219082,60.31131297798061,19476.95789780753,19824.149820483206,587.1638665560326,23.889333028956607,1,-0.12369627477131881
2025-04-24,18756.529296875,19224.80078125,18744.470703125,19214.400390625,7607400000,-322.77228905797165,-448.2788569596213,20085.416690492173,17127.578426695327,2957.838263796846,52.59893938540185,68.51715774566446,57.812744071960246,19478.770034580284,19828.085391072233,629.1382955454224,25.178187605683622,1,-0.1335341217785208
2025-04-23,18870.630859375,19043.009765625,18618.890625,18693.259765625,8564870000,-412.68335618712445,-479.6554989350337,20207.460539319138,17075.793562243365,3131.6669770757726,47.90468892486,58.53698176553885,51.303175397110095,19489.56063229274,19834.253079518938,644.1532616870259,27.873825142955322,1,-0.15703475464437044
2025-04-22,18033.900390625,18396.390625,17993.240234375,18276.41015625,6981900000,-468.37831486924915,-496.3985346220109,20444.10675651188,16998.604376300624,3445.5023802112555,43.76852790471095,47.98581399417129,45.30234131086548,19522.06270848326,19845.720349005307,625.3153620427222,31.984139962394558,1,-0.1758324249088882
2025-04-21,18023.009765625,18043.080078125,17592.919921875,17808.30078125,6678730000,-490.20969005269944,-503.4035895602013,20638.04416212659,16995.070876935908,3642.973285190681,38.69286106791716,32.57072513966514,37.63051922507961,19572.9056697989,19861.49231074154,631.0423648569871,32.86887958509233,1,-0.19694163427620112
2025-04-17,18369.900390625,18401.05078125,18144.4609375,18258.08984375,7046290000,-463.28209524972044,-506.7020644370767,20717.27929846185,17110.40273278815,3606.8765656737014,42.08197897041412,42.17976286130793,42.75199604136246,19644.930359127426,19882.127401490197,658.8703969503697,30.95641612480988,1,-0.17665857224301731
2025-04-16,18475.759765625,18597.3203125,17995.9609375,18257.640625,7909190000,-467.9707483157399,-517.5570567339157,20791.168504069647,17178.465480305356,3612.7030237642903,42.077273867485125,42.1661304182137,42.74507830052955,19701.53609444895,19898.449386995126,720.7597128273496,30.91106991128853,1,-0.17667882958703116
2025-04-15,18831.98046875,19004.169921875,18754.869140625,18830.23046875,7483050000,-467.1025887081378,-529.9536338384596,20861.07963203441,17256.45630546559,3604.6233265688206,46.55346368962635,55.51238739098984,49.525669050091246,19760.47060340605,19914.939927316682,739.1289955700189,30.858747357225436,1,-0.15085811430373702
2025-04-14,19095.490234375,19115.150390625,18614.759765625,18796.01953125,9667260000,-517.5003387004981,-545.6663951210401,20899.64764491655,17283.201183208454,3616.4464617080957,46.2361506583887,54.829000318544665,49.09682927103652,19798.43958849405,19925.841529915342,814.4871823884833,34.62035458194869,1,-0.1524008431635031
2025-04-11,18309.2890625,18728.94921875,18153.3203125,18690.05078125,9444890000,-570.8156210369198,-552.7079092261755,20971.390032032985,17313.080866404518,3658.309165628467,45.30210718328268,53.041506120685504,47.87753149497723,19839.354692871355,19937.196524876803,862.8097296790194,38.96067061047552,1,-0.15717946254095616
2025-04-10,18626.109375,18710.580078125,17794.5,18343.5703125,11861670000,-619.7729905494125,-548.1809812734895,21025.41638247633,17360.513500336172,3664.902882140159,42.25633553198756,47.61970180389434,43.977425273031365,19886.265056611002,19949.730652953454,906.9913948219455,41.34522452272296,1,-0.1728038639034123
2025-04-09,17116.529296875,19234.01953125,17082.359375,19145.060546875,13479740000,-637.9675055010048,-530.2829789545087,21027.596076740185,17446.524821697312,3581.0712550428725,47.997202199564185,60.559269670826545,51.97401210704194,19949.232189023696,19965.872967932883,905.5931358522448,43.970321651354254,1,-0.13666097494016818
2025-04-08,18034.4609375,18207.009765625,16850.1796875,17090.400390625,10496650000,-733.5170738228444,-503.36184731788455,21056.289149566084,17462.927647308916,3593.3615022571685,23.14077454246184,10.91491980481024,17.9958436886873,19982.055521356295,19974.12233899879,713.8905173295133,46.99927987669805,0,-0.22931507189551578
2025-04-07,16771.76953125,18191.5,16542.19921875,17430.6796875,12483580000,-635.6019676798423,-445.82304069164445,20869.743825677386,17878.12902588511,2991.6147997922744,24.97671305113937,13.099482619578993,20.088049653322088,20100.082261386142,20003.1044691332,614.9767387455922,43.08566324361966,0,-0.21397030995585925
2025-04-04,18022.16015625,18089.25,17387.830078125,17397.69921875,11038180000,-536.0281865365178,-398.3783089445949,20675.12838081599,18272.77142387151,2402.3569569444808,24.437171294697336,11.729641616143098,19.279541096412387,20209.037468483533,20028.9579845265,455.8499629756833,38.43472923487412,0,-0.21545755130810917
2025-04-03,18774.150390625,18902.0703125,18502.970703125,18521.470703125,9461330000,-397.7810481639608,-363.9658395466141,20393.805416824885,18834.461380050117,1559.344036774768,31.635682442526274,20.567265859475967,27.79783228865446,20323.785968472657,20055.402796242844,418.0699692988653,34.370710983766294,0,-0.16478151529689294
2025-04-02,19182.390625,19707.33984375,19157.19921875,19581.779296875,9126630000,-329.96189107696773,-355.5120373922774,20310.463617243357,19070.919195256643,1239.5444219867131,42.640526650225155,47.688393464253345,44.162739463931025,20397.349856854195,20070.81919918875,420.9884862102292,32.75775102653475,0,-0.11696731354237797
2025-04-01,19192.76953125,19468.619140625,19095.169921875,19436.419921875,7756540000,-346.5592326157166,-361.8995739711048,20482.39828882631,19003.652687736194,1478.745601090115,39.982811573509075,38.843929771892256,39.84739681161596,20430.63845113906,20075.73417308135,401.1189263964183,34.34932189732611,0,-0.1235222377636174
2025-03-31,18998.5390625,19316.060546875,18799.19921875,19278.44921875,8122180000,-347.90238697804307,-365.73465930995184,20559.400329757686,19018.26158430481,1541.138745452874,37.03890261794125,28.30530452593493,34.9942438573179,20471.218799272287,20082.159441937696,405.37580449586727,33.40398702966796,0,-0.13064586489919286
2025-03-28,19718.4609375,19752.44921875,19241.5390625,19281.400390625,7015410000,-328.4720522353673,-370.192727392929,20626.962788407134,19065.412211592866,1561.5505768142684,37.07044611281028,28.378391520897807,35.0411915061033,20519.903271946663,20090.236931617976,388.22418547600074,30.38738549405585,0,-0.13051278295656288
2025-03-27,19814.609375,20003.359375,19740.220703125,19798.619140625,8002470000,-299.1945871767457,-380.6228961823193,20784.066388713043,19068.60958784946,1715.4568008635833,43.034850335009665,44.482181384619714,44.29981382875034,20570.45440995979,20098.365942080218,369.3494207415393,28.99213964903657,0,-0.10718900551149485
2025-03-26,20239.0390625,20270.189453125,19848.490234375,19916.990234375,9091510000,-310.13624687026095,-400.9799734337127,20861.06285826095,19066.846126114047,1794.2167321469024,44.55839616841398,49.63956813710567,46.8162321555137,20601.957890340804,20101.378472748107,385.6895359517761,31.03813537846774,0,-0.10185110728844264
2025-03-25,20196.5,20292.189453125,20164.0703125,20287.830078125,6475790000,-331.6430402882361,-423.69090507457554,21055.70853014463,18993.79342298037,2061.9151071642627,49.67430861730457,69.97261384838245,55.613537488578224,20629.91575384961,20103.23162087246,380.14958475204935,34.43319453040819,0,-0.08512822942798456
2025-03-24,20041.2109375,20208.83984375,20024.970703125,20180.44921875,6787790000,-392.02786921026564,-446.7028712711604,21190.964161263342,18938.47978404916,2252.484377214183,48.071220210542094,66.82472453639897,53.357627299233044,20643.87843449143,20101.37635999555,418.92349923313384,37.57788900560139,0,-0.08997052732596805
2025-03-21,19466.439453125,19767.98046875,19409.1796875,19753.970703125,8837930000,-452.4653216185907,-460.3716217863841,21381.665108307174,18864.941922942828,2516.723185364346,41.15871501071897,50.255209368622964,43.1587418483755,20662.79391268496,20100.581657897514,413.3934005574621,42.01723572678169,0,-0.10920240935565176
2025-03-20,19558.279296875,19888.849609375,19549.310546875,19677.609375,6098330000,-479.60090733258767,-462.3481968283324,21618.477103984776,18814.14086476522,2804.336239219556,39.826970665798605,46.422137625074484,41.10926583128641,20699.888737564957,20104.065185081156,421.79226506630243,44.337515285628015,0,-0.1126458936117761
2025-03-19,19576.3203125,19921.619140625,19497.7890625,19736.66015625,6302310000,-499.4847974008844,-458.0350192022686,21928.53056777379,18743.13251816371,3185.3980496100776,40.48493083812175,48.74583190359592,42.154029114435524,20741.614425832915,20108.351173122173,434.44660392265666,48.37030313253826,0,-0.10998302170345416
2025-03-18,19657.099609375,19676.05078125,19397.080078125,19483.359375,6450530000,-523.611081398587,-447.6725746526147,22213.441912907056,18702.115118342943,3511.326794564113,36.29277707465798,38.1158019074004,35.947122924986644,20782.632967448542,20112.08676123144,433.85996366075767,53.023519878973175,0,-0.12140552146498998
2025-03-17,19670.689453125,19943.810546875,19622.470703125,19812.240234375,6306340000,-520.9982067898563,-428.6879479661216,22436.62250217311,18747.059529076887,3689.5629730962246,39.66091931274194,48.58150230435966,41.02791017352998,20835.664542650524,20118.405629434772,457.68908066625886,54.96372444268466,0,-0.10657476761083211
2025-03-14,19458.890625,19729.2109375,19436.0390625,19704.640625,7093850000,-543.571124054135,-405.6103832601879,22628.541995945863,18785.38495717914,3843.1570387667234,37.91036022037639,44.60011741193468,38.50000045715788,20877.43696339646,20121.482668581102,478.6658863456833,58.82129453826976,0,-0.11142692995459624
2025-03-13,19534.369140625,19558.560546875,19152.5703125,19225.48046875,7147050000,-553.520289148848,-371.12019806170105,22769.517033544835,18877.016950830162,3892.5000827146723,29.44620132335416,23.496555685847895,25.932106245231438,20925.306201698353,20125.672035853273,474.8097967450192,59.86375807817163,0,-0.13303446998464935
2025-03-12,19663.390625,19756.08984375,19375.25,19596.01953125,7746430000,-509.3806215730219,-325.5201752899143,22785.257273305462,19110.654640757035,3674.602632548427,32.64143420860756,30.741067973648526,30.170152443146122,20994.68684385951,20134.719187281447,485.3974217250221,57.95047288199305,0,-0.11632515573713964
2025-03-11,19405.51953125,19659.4296875,19180.560546875,19376.9609375,9177320000,-483.36079591700036,-279.55506371913737,22807.05661328317,19298.605300779327,3508.451312503843,28.37484919797437,18.917506020643387,23.609599314402942,21051.77530559867,20140.133254176235,501.4832029519486,56.498730567403584,0,-0.12620351743236932
2025-03-10,19826.9609375,19867.080078125,19243.310546875,19430.94921875,8636040000,-420.81518641179355,-228.60363066967156,22771.213526017713,19572.42534116979,3198.788184847923,28.792215302482475,19.57642987034494,24.105741950615396,21120.135075725146,20147.803327710666,504.9622894637869,52.98238116961509,0,-0.12376893698354231
2025-03-07,20015.619140625,20253.220703125,19736.810546875,20201.369140625,8135420000,-340.3602852955228,-180.55074173414104,22664.045788257547,19885.629211742456,2778.41657651509,35.76258546300956,32.49951552975064,32.866642613597364,21189.081437234337,20155.007891619818,486.68425226590796,49.05817988115593,0,-0.089027151622785
2025-03-06,20231.740234375,20473.41015625,19968.560546875,20052.630859375,7686200000,-311.1626357664536,-140.5983558437956,22666.692111792203,20040.253005395294,2626.4391063969088,32.84818598445031,24.836003667317215,28.40106604082797,21229.396224851043,20154.541949418763,482.1110362683553,45.853759764405524,0,-0.09573444630117192
2025-03-05,20363.220703125,20688.720703125,20182.5703125,20628.4609375,7048430000,-254.22555430184366,-97.95728586313103,22608.013658355605,20259.484388519395,2348.52926983621,39.249727700521596,38.305131571791065,36.83219771553307,21277.427464258228,20155.566181479506,478.61279425194846,43.0570399916573,0,-0.06976761391475199
2025-03-04,20281.880859375,20688.4609375,20034.6796875,20352.529296875,8469180000,-236.48527930625642,-58.89021875345287,22595.992329115947,20365.351616196556,2230.6407129193904,33.481562330958354,22.1122535645859,27.688707872365868,21303.91589392183,20150.813470363722,474.37624096378664,40.84969299855576,0,-0.08221064343754093
2025-03-03,20989.580078125,21073.80078125,20279.5,20425.580078125,8170140000,-182.30759356743147,-14.491453615251967,22521.48962620637,20534.35939723113,1987.130228975242,34.28174864398679,23.413801864636255,28.66513782456795,21342.747999923737,20148.786175624915,446.7754703428307,38.2980591443646,0,-0.07891644699925761
2025-02-28,20518.650390625,20900.76953125,20407.44921875,20884.41015625,8247520000,-117.94331649981177,27.462581372792926,22437.028939049826,20724.067154700173,1712.9617843496526,39.834186217970114,33.24706297328272,35.69245018796575,21380.18342530328,20146.004327358583,393.3100378955739,36.58600881334571,0,-0.05822568389894333
2025-02-27,21281.359375,21323.91015625,20540.6796875,20550.94921875,7700290000,-80.79279893895728,63.81405584094411,22407.847172918882,20815.61981926862,1592.2273536502616,32.45091938685863,11.681526879265505,23.591566566145318,21400.419068938107,20138.583163249124,377.9238418025853,31.615894927437974,0,-0.07326297458663349
2025-02-26,21170.509765625,21350.51953125,21012.619140625,21132.919921875,7034450000,1.752325096007553,99.96576953591945,22294.572605786547,21014.945558275955,1279.627047510592,40.50645629478845,21.280221165612573,33.317495829693826,21435.091307721297,20134.43878078178,315.56897611836763,26.336790561255413,0,-0.04701923311508541
2025-02-25,21318.76953125,21326.810546875,20930.580078125,21087.25,7991440000,47.829232544692786,124.51913064589742,22272.23063714062,21070.299440984378,1201.9311961562416,39.41045866754771,16.99850790381457,31.343095716928858,21447.424833674206,20124.403794439135,312.133373886578,22.41018849388668,0,-0.04907870039802158
2025-02-24,21669.359375,21727.580078125,21341.9609375,21352.080078125,7414760000,110.59445216945824,143.69160517119857,22266.657615229746,21079.87539258275,1186.7822226469943,43.750292411588795,22.73516431291938,36.98818484442706,21462.12584729356,20114.72694815209,299.19535929220535,17.451711961191517,0,-0.03713629149860044
2025-02-21,22110.5390625,22115.2109375,21597.16015625,21614.080078125,8461020000,162.13253250442358,151.96589342163364,22270.323456821337,21118.40251974116,1151.9209370801764,48.67419786897791,31.020778318996648,43.94898611609707,21466.617511341254,20102.291238303114,285.89939293331395,14.38195449274454,0,-0.025321503866466408
2025-02-20,22132.7109375,22148.439453125,21878.75,22068.060546875,7329270000,198.87920911370747,149.42423365093615,22290.214303979115,21127.19663352088,1163.0176704582336,59.437346950166734,62.69196661761273,61.88727020245466,21460.598631064368,20087.097380616462,250.18379473074685,13.312213200955648,0,-0.004849432006092704
2025-02-19,22121.73046875,22222.609375,22045.75,22175.599609375,8171530000,196.66507648972765,137.0604897852433,22260.115214076402,21135.7896687361,1124.3255453403035,62.476125373257794,77.73121742151031,67.70611078749499,21435.80426715373,20067.188203066125,247.18292420855408,14.704607138776426,1,0
2025-02-18,22176.009765625,22191.369140625,22029.580078125,22164.609375,8683170000,180.02902337345222,122.15934310912219,22187.250919954065,21147.74497848343,1039.5059414706338,62.29318248898508,77.28572127263654,67.4279031581699,21405.6085388998,20045.998138681112,258.00193177910086,13.089741864757233,1,0
2025-02-14,22038.609375,22139.4296875,22010.349609375,22114.689453125,7995720000,157.29577182870344,107.69192304303967,22106.437231183725,21156.213745378776,950.2234858049487,61.50153187278319,75.50506231926505,66.25413123163096,21374.628912936525,20024.705563441723,272.8039116681933,11.613738539750752,1,0
2025-02-13,21786.16015625,22038.150390625,21758.0390625,22030.7109375,8414510000,131.07469340315947,95.2909608466237,22056.457039870045,21103.849991379953,952.607048490092,60.19611646165832,72.61595495372678,64.3321146164392,21344.42236027577,20003.700700228823,294.9152706748384,10.516907221282642,1,-0.0029845785871556877
2025-02-12,21475.41015625,21745.66015625,21454.189453125,21719.259765625,7946550000,104.25106117233736,86.34502770748975,21991.52347687689,21089.49742156061,902.0260553162807,54.93357560496265,57.87430032635912,56.08694886096145,21316.410581613556,19983.32873804519,291.2267546248135,10.429570708378463,1,-0.01707952188051609
2025-02-11,21629.109375,21776.25,21625.509765625,21693.51953125,9269380000,100.20936537157831,81.86851934127783,22049.57158720116,20935.26435029884,1114.3072369023212,54.47163092350944,56.319596052904785,55.32832895859324,21299.967757776354,19965.882195054437,291.1892240863233,9.51622902654705,1,-0.01824441441146808
2025-02-10,21670.060546875,21793.130859375,21645.169921875,21756.73046875,9535440000,96.2139249168431,77.28330783370271,22074.863142408474,20819.092912279026,1255.7702301294485,55.775319890151934,60.722290345928634,57.49652957066744,21283.904420083552,19948.519005745937,312.79676096498844,10.853628689389692,1,-0.015383758681008247
2025-02-07,21776.279296875,21869.3203125,21465.4609375,21491.310546875,7748940000,83.27879201037285,72.5506535629176,22063.81986513229,20739.22115049271,1324.5987146395782,51.223664396139355,46.735060564811846,50.21467465903421,21264.605397689,19930.346026218256,314.48544534421745,12.362718851980908,1,-0.027395525165090525
2025-02-06,21674.169921875,21776.080078125,21618.25,21774.0703125,6642100000,92.58210471686834,69.86861895105379,22053.681075204913,20718.32595604509,1335.3551191598235,57.03007938947634,67.09993498867851,59.93897904421059,21255.352126293652,19914.657940583515,300.73561001255865,14.103976731893848,1,-0.014599031775340766
2025-02-05,21453.869140625,21662.98046875,21408.640625,21658.16015625,6712220000,74.31978073000573,64.19024750960016,22004.899209705556,20707.004696544445,1297.8945131611108,55.09242541445937,61.614663256382414,56.897523516346446,21234.179955428084,19895.97037905672,322.72107645679847,14.193243076599918,1,-0.019844627961840246
2025-02-04,21319.580078125,21582.400390625,21308.240234375,21566.919921875,6477050000,61.7311608488817,61.657864204498765,21992.155128528848,20709.88276209615,1282.2723664326986,53.56180602279724,57.11173814329595,54.47939216050323,21216.87464110882,19878.259929034673,333.24126610399827,15.441037695091678,1,-0.023973769367365862
2025-02-03,21084.640625,21406.580078125,21004.349609375,21297.580078125,8272460000,54.05551117917639,61.63954004340303,21972.445161485135,20705.516752577365,1266.92840890777,48.77605425560629,40.67732008957984,46.62150731504406,21202.58707862857,19861.288471820197,340.69064358153645,17.69158742635057,1,-0.03616293469124028
2025-01-31,21661.560546875,21846.009765625,21425.7890625,21478.05078125,7947370000,70.89602225632188,63.53554725945969,21975.80240384686,20669.96341646564,1305.8389873812193,52.11787351673175,51.19254903383844,51.964134776202286,21198.709813343,19846.853380299544,331.2229781710036,18.726906769665824,1,-0.027995605246480086
2025-01-30,21519.810546875,21623.44921875,21308.689453125,21508.119140625,6679500000,72.98422448015117,61.69542851024413,21961.87771207564,20637.30002229936,1324.577689776277,52.6762270804985,53.01936121928783,52.86126740561149,21187.30814118353,19830.4594365714,317.5310204857734,18.810673732737655,1,-0.026634840354302695
2025-01-29,21473.009765625,21477.880859375,21251.80078125,21411.4609375,6497710000,71.52643546249601,58.87322951776736,21940.591556089854,20627.483248597648,1313.1083074922062,51.1128578633316,48.272246408156676,50.415143360857385,21174.213814675717,19813.598535023124,317.95736738743085,21.125337579226485,1,-0.031009175771578884
2025-01-28,21186.080078125,21500.73046875,21043.130859375,21463.0390625,7121740000,78.46694455504621,55.70992803158519,21946.600706958903,20627.6299571036,1318.9707498553034,51.96345190781156,50.44832401991108,51.68735448841841,21164.53025864207,19797.539616405265,332.0923349662664,23.311737253052197,1,-0.02867497120693968
2025-01-27,21000.169921875,21292.5390625,20974.900390625,21127.279296875,8870200000,80.93262969419811,50.02067390071993,21990.934632477754,20613.823180022246,1377.1114524555087,46.59082803374698,35.246614009304764,43.42657040375612,21152.34622583154,19780.800928504814,312.78352351876885,25.83450610746648,1,-0.0438700171211536
2025-01-24,21915.48046875,21945.48046875,21709.060546875,21774.009765625,7708150000,117.08898752170353,42.29268495235037,22051.817713545308,20619.977208329692,1431.8405052156158,58.24170821275772,66.84814339507014,61.40234159817104,21153.36936578895,19767.268482591542,312.0365776178102,26.519267696373447,1,-0.014601771867036609
2025-01-23,21737.240234375,21900.9296875,21722.0390625,21900.9296875,6837700000,95.6856148757688,23.59360931001207,22014.46514417601,20630.24579332399,1384.2193508520213,61.022510879122336,77.79938392567558,66.18115760976386,21128.03710457115,19747.1002284907,323.6699092705503,25.357221049548297,1,-0.008857920942167271
2025-01-22,21756.23046875,21943.0390625,21756.23046875,21853,7219060000,54.052581891312,5.570607918572876,21930.940935387727,20652.59207242477,1278.3488629629574,60.35880926137824,76.64340956520216,65.2739363636588,21096.490468533237,19725.453701264476,345.94364531217343,24.407170073211255,1,-0.011027012884618274
2025-01-21,21557.8203125,21620.23046875,21379.060546875,21566.509765625,8015780000,5.007586781823193,-6.549885574611909,21843.373875123354,20665.910109251643,1177.463765871711,56.22126379202213,68.89984459430465,59.50170210458615,21065.612528473368,19704.07132640281,341.2381604563539,22.778752626027593,1,-0.023992331278853828
2025-01-17,21461.900390625,21515.759765625,21334.630859375,21441.16015625,7996360000,-28.494584374755505,-9.439253663720685,21807.99867497429,20665.566364088212,1142.4323108860772,54.2825832580252,64.81695034228767,56.70265437943218,21045.167743283506,19685.353352139267,356.63327408425454,23.64222623481606,1,-0.029665116599740665
2025-01-16,21324.98046875,21330.58984375,21087.849609375,21091.25,7085990000,-58.07820137824456,-4.675420985961978,21921.763219393913,20607.793811856085,1313.9694075378284,48.354344240941096,50.2237141965943,47.74031560039307,21029.00478765222,19667.707052600465,346.19073692413986,25.700313052308505,1,-0.04550054846028944
2025-01-15,21067.810546875,21286.009765625,21024.26953125,21237.849609375,7260250000,-59.36566460628819,8.675274112108672,22059.29588357075,20570.802163304248,1488.4937202665024,50.92327208391116,58.33334887241261,51.72788792074384,21026.464166740065,19653.400088304992,362.1061988547767,29.20714298190153,1,-0.03886607934421651
2025-01-14,20896.359375,20969.51953125,20622.720703125,20757.41015625,7168110000,-75.0719409594385,25.685508791707893,22112.267638470214,20572.07044746729,1540.1971910029242,41.45872717959244,27.74497900664717,36.205437621246745,21017.836189489655,19637.47597251534,336.4918280055116,32.75333704020982,1,-0.06060870695072873
2025-01-13,20593.650390625,20797.099609375,20538.330078125,20784.720703125,7830760000,-45.10943386350482,50.874871229494495,22114.596660615673,20655.527362821827,1459.0692977938452,41.88510122034425,28.70323216671892,36.8034241688238,21028.465823499435,19626.220352578308,334.90613567943643,32.90464943272156,1,-0.05937274881579424
2025-01-10,21012.2890625,21015.509765625,20718.779296875,20847.580078125,8608880000,-8.990952359410585,74.87094750274433,22126.314830280942,20741.73516971906,1384.5796605618816,42.826430677326094,30.652595355015862,38.09055303593808,21038.41460392288,19614.577132974824,346.61945943781126,30.472975406726377,1,-0.05652800329518124
2025-01-08,21156.759765625,21242.609375,20992.080078125,21180.970703125,8851720000,30.83991424922351,95.83642246828305,22099.303415222133,20820.806545715368,1278.4968695067655,48.15653834800655,43.06113775132674,45.61080398948147,21046.203768241157,19602.18514357633,354.29468877439757,28.70879074447367,1,-0.041440174517324006
2025-01-07,21619.890625,21621.25,21101.08984375,21173.0390625,13371130000,47.284776149706886,112.08554952304793,22099.513526146147,20846.581395728856,1252.9321304172918,48.01360328398918,42.619037278392454,45.38276880673934,21040.703077021408,19586.317952023077,370.25859522045874,28.54525145881765,1,-0.04179912652947941
2025-01-06,21551.1796875,21703.490234375,21462.51953125,21559.5,9586840000,68.39420654961214,128.2857428663832,22109.42420559542,20881.59181002958,1227.8323955658416,54.85633419454343,61.115954629729224,55.452004901731335,21035.301608226364,19570.371006189136,347.19681660052936,29.200458456630034,1,-0.024309563185188655
2025-01-03,21096.7890625,21359.630859375,21075.890625,21326.16015625,8214050000,54.99394107385524,143.25862694557597,22102.701083677497,20874.887002260006,1227.8140814174913,50.9359642953791,50.80226324825467,49.430186343713004,21013.90575550091,19550.379760020183,342.5609302121493,33.327424744771534,1,-0.0348695230207478
2025-01-02,21120.05078125,21236.58984375,20800.5,20975.619140625,8737550000,60.848656269183266,165.32479841350613,22106.46286281066,20887.74514500184,1218.7177178088168,44.1729526146296,27.78061598950734,38.2912517160773,21001.160677919313,19532.532720862095,336.1838858217107,33.153250003954824,1,-0.05073350486896616
